jahr,monat,tarifverbund_id,bundesland_code2,anteil
2024,4,14,15,0.1786
2024,4,14,12,0.1773
2024,4,14,1,0.2367
2024,4,14,3,0.4074
2025,9,15,4,0.1164
2025,9,15,6,0.0794
2025,9,15,5,0.2945
2025,9,15,9,0.0376
2025,9,15,2,0.2902
2025,9,15,13,0.1819
2025,8,15,11,0.2517
2025,8,15,8,0.4719
2025,8,15,14,0.2764
2025,2,18,5,0.0412
2025,2,18,12,0.0102
2025,2,18,13,0.0695
2025,2,18,11,0.2815
2025,2,18,9,0.162
2025,2,18,15,0.3
2025,2,18,10,0.1356
2025,8,20,9,0.1053
2025,8,20,1,0.3692
2025,8,20,6,0.0924
2025,8,20,16,0.0057
2025,8,20,10,0.1934
2025,8,20,3,0.234
2024,9,13,6,0.4162
2024,9,13,5,0.4618
2024,9,13,13,0.122
2025,2,9,11,0.3319
2025,2,9,13,0.1013
2025,2,9,8,0.3025
2025,2,9,2,0.1713
2025,2,9,4,0.093
2025,7,16,4,0.1519
2025,7,16,12,0.2365
2025,7,16,15,0.1179
2025,7,16,5,0.2943
2025,7,16,6,0.1994
2024,4,18,5,0.1184
2024,4,18,14,0.2383
2024,4,18,6,0.1705
2024,4,18,3,0.2731
2024,4,18,12,0.1997
2025,11,3,12,0.1802
2025,11,3,2,0.0944
2025,11,3,13,0.0878
2025,11,3,15,0.327
2025,11,3,14,0.0282
2025,11,3,6,0.1739
2025,11,3,7,0.1085
2024,1,10,16,0.1339
2024,1,10,1,0.2802
2024,1,10,11,0.3204
2024,1,10,6,0.003
2024,1,10,15,0.197
2024,1,10,14,0.0655
2025,3,2,7,0.179
2025,3,2,2,0.0452
2025,3,2,14,0.1236
2025,3,2,10,0.1298
2025,3,2,4,0.1092
2025,3,2,5,0.0634
2025,3,2,16,0.1595
2025,3,2,6,0.1903
2025,10,14,13,0.2501
2025,10,14,4,0.1859
2025,10,14,12,0.0785
2025,10,14,15,0.2006
2025,10,14,16,0.2849
2025,3,19,9,0.0287
2025,3,19,13,0.0413
2025,3,19,6,0.4623
2025,3,19,8,0.4677
2024,2,11,16,0.1469
2024,2,11,14,0.2225
2024,2,11,9,0.0547
2024,2,11,11,0.0449
2024,2,11,3,0.0728
2024,2,11,7,0.1829
2024,2,11,4,0.236
2024,2,11,15,0.0393
2024,5,14,13,0.2667
2024,5,14,2,0.341
2024,5,14,11,0.3923
2024,3,16,13,0.1869
2024,3,16,10,0.1956
2024,3,16,8,0.124
2024,3,16,12,0.0048
2024,3,16,5,0.1342
2024,3,16,14,0.0676
2024,3,16,7,0.1948
2024,3,16,3,0.0921
2025,10,4,6,0.2527
2025,10,4,7,0.2191
2025,10,4,9,0.0426
2025,10,4,2,0.1991
2025,10,4,10,0.2617
2025,10,4,4,0.0248
2024,2,14,6,0.0596
2024,2,14,15,0.0773
2024,2,14,12,0.1863
2024,2,14,4,0.2787
2024,2,14,3,0.0305
2024,2,14,9,0.1612
2024,2,14,1,0.0882
2024,2,14,7,0.1182
2024,11,4,6,0.3322
2024,11,4,16,0.3286
2024,11,4,9,0.3392
2024,10,1,9,0.0746
2024,10,1,13,0.3387
2024,10,1,1,0.5867
2025,12,6,7,0.4482
2025,12,6,15,0.3825
2025,12,6,3,0.1693
2024,4,11,10,0.2263
2024,4,11,14,0.0857
2024,4,11,16,0.0238
2024,4,11,1,0.197
2024,4,11,5,0.1198
2024,4,11,8,0.1698
2024,4,11,15,0.1556
2024,4,11,9,0.022
2025,2,2,12,0.0893
2025,2,2,1,0.2792
2025,2,2,9,0.4692
2025,2,2,7,0.1623
2024,6,5,7,0.242
2024,6,5,5,0.185
2024,6,5,8,0.3084
2024,6,5,16,0.1901
2024,6,5,1,0.0745
2025,12,15,6,0.1811
2025,12,15,14,0.1971
2025,12,15,16,0.0876
2025,12,15,9,0.1413
2025,12,15,8,0.2649
2025,12,15,3,0.0646
2025,12,15,13,0.0634
2025,6,19,7,0.0133
2025,6,19,4,0.1492
2025,6,19,1,0.2367
2025,6,19,9,0.3077
2025,6,19,5,0.0484
2025,6,19,16,0.2447
2025,5,2,7,0.224
2025,5,2,12,0.1898
2025,5,2,16,0.2981
2025,5,2,5,0.2881
2025,4,2,16,0.0619
2025,4,2,5,0.1584
2025,4,2,10,0.0541
2025,4,2,2,0.2423
2025,4,2,11,0.0084
2025,4,2,13,0.2291
2025,4,2,7,0.0148
2025,4,2,4,0.231
2024,1,1,13,0.3518
2024,1,1,7,0.1975
2024,1,1,4,0.4507
2025,8,12,9,0.2479
2025,8,12,6,0.235
2025,8,12,14,0.0022
2025,8,12,15,0.5149
2024,1,12,13,0.4642
2024,1,12,3,0.0633
2024,1,12,15,0.0011
2024,1,12,10,0.1898
2024,1,12,6,0.2595
2024,1,12,2,0.0221
2025,8,1,14,0.2065
2025,8,1,12,0.0686
2025,8,1,1,0.1369
2025,8,1,15,0.1476
2025,8,1,11,0.1024
2025,8,1,16,0.1419
2025,8,1,3,0.0777
2025,8,1,7,0.1184
2025,10,11,4,0.0223
2025,10,11,15,0.0074
2025,10,11,14,0.12
2025,10,11,12,0.1517
2025,10,11,7,0.1679
2025,10,11,3,0.0986
2025,10,11,5,0.1452
2025,10,11,10,0.2869
2025,7,18,3,0.2959
2025,7,18,7,0.3082
2025,7,18,6,0.0926
2025,7,18,1,0.3033
2024,6,18,7,0.0218
2024,6,18,6,0.0193
2024,6,18,5,0.264
2024,6,18,12,0.1961
2024,6,18,14,0.2158
2024,6,18,1,0.176
2024,6,18,8,0.107
2025,4,3,8,0.3078
2025,4,3,11,0.1984
2025,4,3,15,0.2327
2025,4,3,1,0.2611
2024,9,14,15,0.2737
2024,9,14,2,0.1933
2024,9,14,5,0.2284
2024,9,14,9,0.147
2024,9,14,6,0.0237
2024,9,14,4,0.1339
2025,12,12,12,0.058
2025,12,12,5,0.3122
2025,12,12,16,0.2943
2025,12,12,13,0.2361
2025,12,12,2,0.0994
2024,1,19,6,0.0223
2024,1,19,3,0.2436
2024,1,19,1,0.0561
2024,1,19,13,0.1578
2024,1,19,15,0.2664
2024,1,19,9,0.2108
2024,1,19,11,0.043
2025,5,13,13,0.1588
2025,5,13,9,0.0435
2025,5,13,1,0.2522
2025,5,13,2,0.2224
2025,5,13,3,0.1984
2025,5,13,7,0.1247
2024,10,6,5,0.0487
2024,10,6,16,0.6825
2024,10,6,12,0.2271
2024,10,6,10,0.0417
2024,5,11,6,0.1622
2024,5,11,16,0.1571
2024,5,11,1,0.0478
2024,5,11,12,0.0459
2024,5,11,3,0.1913
2024,5,11,8,0.0589
2024,5,11,5,0.1512
2024,5,11,7,0.1856
2024,12,1,8,0.0504
2024,12,1,16,0.2389
2024,12,1,11,0.2474
2024,12,1,7,0.2408
2024,12,1,6,0.0063
2024,12,1,5,0.0734
2024,12,1,4,0.0086
2024,12,1,14,0.1342
2024,2,20,4,0.1045
2024,2,20,5,0.0545
2024,2,20,9,0.2761
2024,2,20,7,0.2193
2024,2,20,11,0.3456
2025,5,4,2,0.2018
2025,5,4,13,0.1956
2025,5,4,14,0.0418
2025,5,4,5,0.2307
2025,5,4,11,0.3301
2025,11,20,5,0.6701
2025,11,20,15,0.2447
2025,11,20,4,0.0852
2024,4,17,16,0.2423
2024,4,17,5,0.5395
2024,4,17,15,0.2182
2024,8,16,3,0.334
2024,8,16,8,0.1734
2024,8,16,2,0.4926
2024,4,4,7,0.201
2024,4,4,12,0.2975
2024,4,4,5,0.5015
2025,8,11,9,0.1127
2025,8,11,15,0.1837
2025,8,11,16,0.1409
2025,8,11,7,0.0953
2025,8,11,6,0.2226
2025,8,11,11,0.1041
2025,8,11,8,0.0516
2025,8,11,4,0.0891
2025,6,1,10,0.81
2025,6,1,14,0.1785
2025,6,1,13,0.0115
2025,9,16,1,0.378
2025,9,16,4,0.1542
2025,9,16,7,0.4678
2025,10,15,5,0.4287
2025,10,15,13,0.0033
2025,10,15,9,0.1481
2025,10,15,11,0.1695
2025,10,15,10,0.2504
2025,4,6,1,0.1801
2025,4,6,3,0.1644
2025,4,6,7,0.0493
2025,4,6,10,0.3421
2025,4,6,12,0.1561
2025,4,6,6,0.108
2025,2,7,2,0.1264
2025,2,7,4,0.1651
2025,2,7,11,0.1451
2025,2,7,12,0.0472
2025,2,7,16,0.2632
2025,2,7,7,0.1746
2025,2,7,15,0.0784
2024,5,3,16,0.221
2024,5,3,7,0.3185
2024,5,3,5,0.1866
2024,5,3,3,0.2739
2024,6,2,1,0.4206
2024,6,2,4,0.1033
2024,6,2,10,0.1577
2024,6,2,13,0.3184
2025,12,18,2,0.0469
2025,12,18,9,0.2088
2025,12,18,11,0.2169
2025,12,18,15,0.228
2025,12,18,6,0.0752
2025,12,18,4,0.2242
2024,6,14,3,0.4012
2024,6,14,5,0.2422
2024,6,14,10,0.3566
2025,12,4,11,0.2666
2025,12,4,5,0.1378
2025,12,4,12,0.142
2025,12,4,8,0.0844
2025,12,4,4,0.1804
2025,12,4,16,0.1888
2025,1,14,14,0.1954
2025,1,14,8,0.0925
2025,1,14,9,0.2043
2025,1,14,2,0.1365
2025,1,14,10,0.2246
2025,1,14,5,0.0553
2025,1,14,6,0.0914
2024,4,19,7,0.3137
2024,4,19,13,0.4292
2024,4,19,11,0.2571
2024,7,18,4,0.0985
2024,7,18,15,0.0367
2024,7,18,1,0.2261
2024,7,18,9,0.324
2024,7,18,12,0.1052
2024,7,18,14,0.2095
2024,12,15,7,0.233
2024,12,15,1,0.2599
2024,12,15,8,0.1455
2024,12,15,12,0.2295
2024,12,15,3,0.1321
2025,4,5,3,0.0475
2025,4,5,11,0.1507
2025,4,5,12,0.2176
2025,4,5,7,0.1089
2025,4,5,10,0.1163
2025,4,5,14,0.359
2025,5,3,2,0.4631
2025,5,3,5,0.2371
2025,5,3,9,0.2998
2024,4,9,14,0.1159
2024,4,9,8,0.0141
2024,4,9,2,0.2045
2024,4,9,3,0.1775
2024,4,9,7,0.1239
2024,4,9,6,0.0248
2024,4,9,15,0.1793
2024,4,9,13,0.16
2024,4,13,12,0.0216
2024,4,13,15,0.2958
2024,4,13,11,0.0087
2024,4,13,3,0.1783
2024,4,13,5,0.0336
2024,4,13,10,0.2341
2024,4,13,14,0.2279
2024,11,19,11,0.2464
2024,11,19,15,0.097
2024,11,19,6,0.159
2024,11,19,4,0.1452
2024,11,19,8,0.0432
2024,11,19,13,0.1119
2024,11,19,1,0.1973
2025,4,11,1,0.2589
2025,4,11,8,0.0792
2025,4,11,14,0.2202
2025,4,11,2,0.2629
2025,4,11,7,0.0841
2025,4,11,10,0.0947
2024,4,20,2,0.1906
2024,4,20,12,0.5502
2024,4,20,15,0.2592
2024,11,9,5,0.5035
2024,11,9,4,0.0719
2024,11,9,13,0.4246
2024,8,9,2,0.0775
2024,8,9,8,0.2007
2024,8,9,13,0.3615
2024,8,9,10,0.0861
2024,8,9,15,0.2742
2024,8,15,11,0.0536
2024,8,15,12,0.1221
2024,8,15,13,0.1007
2024,8,15,5,0.1706
2024,8,15,3,0.1242
2024,8,15,8,0.1858
2024,8,15,4,0.0777
2024,8,15,14,0.1653
2024,9,16,16,0.0721
2024,9,16,12,0.1522
2024,9,16,4,0.0824
2024,9,16,13,0.1353
2024,9,16,7,0.1354
2024,9,16,15,0.1137
2024,9,16,6,0.1522
2024,9,16,5,0.1567
2025,1,10,16,0.2913
2025,1,10,15,0.112
2025,1,10,2,0.3381
2025,1,10,1,0.2586
2025,12,16,12,0.0315
2025,12,16,11,0.2456
2025,12,16,16,0.4605
2025,12,16,10,0.2624
2025,5,15,11,0.1233
2025,5,15,4,0.2405
2025,5,15,12,0.1815
2025,5,15,7,0.0666
2025,5,15,1,0.2495
2025,5,15,16,0.0409
2025,5,15,2,0.0977
2024,4,16,2,0.2045
2024,4,16,5,0.1014
2024,4,16,16,0.6941
2025,10,2,15,0.038
2025,10,2,6,0.0535
2025,10,2,3,0.1539
2025,10,2,8,0.3411
2025,10,2,1,0.2525
2025,10,2,13,0.161
2024,1,16,14,0.2578
2024,1,16,4,0.2247
2024,1,16,12,0.0527
2024,1,16,6,0.2056
2024,1,16,1,0.0464
2024,1,16,7,0.2128
2024,8,14,10,0.3518
2024,8,14,4,0.0647
2024,8,14,9,0.5835
2025,12,5,15,0.0589
2025,12,5,7,0.1424
2025,12,5,3,0.101
2025,12,5,14,0.0294
2025,12,5,8,0.2623
2025,12,5,1,0.406
2024,1,20,3,0.0384
2024,1,20,6,0.128
2024,1,20,9,0.2526
2024,1,20,5,0.1174
2024,1,20,7,0.1429
2024,1,20,13,0.2725
2024,1,20,8,0.0482
2025,4,12,2,0.0917
2025,4,12,11,0.2278
2025,4,12,4,0.1005
2025,4,12,7,0.1899
2025,4,12,10,0.0529
2025,4,12,1,0.2607
2025,4,12,13,0.068
2025,4,12,16,0.0085
2025,5,1,16,0.226
2025,5,1,4,0.1974
2025,5,1,2,0.1064
2025,5,1,3,0.1207
2025,5,1,13,0.2689
2025,5,1,11,0.0794
2025,5,1,1,0.0012
2024,3,17,6,0.3321
2024,3,17,5,0.0389
2024,3,17,3,0.2948
2024,3,17,11,0.3342
2025,6,10,8,0.3774
2025,6,10,6,0.2
2025,6,10,4,0.1735
2025,6,10,12,0.0293
2025,6,10,3,0.2198
2024,11,12,12,0.1936
2024,11,12,9,0.7806
2024,11,12,2,0.0258
2025,10,13,15,0.1018
2025,10,13,4,0.2173
2025,10,13,3,0.231
2025,10,13,2,0.204
2025,10,13,16,0.2459
2024,12,3,13,0.0383
2024,12,3,5,0.0415
2024,12,3,6,0.1533
2024,12,3,14,0.3455
2024,12,3,16,0.121
2024,12,3,3,0.1272
2024,12,3,7,0.1732
2024,12,18,6,0.1893
2024,12,18,10,0.2341
2024,12,18,16,0.379
2024,12,18,1,0.1374
2024,12,18,9,0.0602
2025,9,9,11,0.214
2025,9,9,15,0.3127
2025,9,9,16,0.2567
2025,9,9,10,0.2166
2024,2,6,6,0.0853
2024,2,6,15,0.1491
2024,2,6,16,0.0121
2024,2,6,9,0.2243
2024,2,6,7,0.1158
2024,2,6,10,0.1197
2024,2,6,3,0.1267
2024,2,6,12,0.167
2025,9,20,15,0.2777
2025,9,20,12,0.0792
2025,9,20,6,0.1058
2025,9,20,2,0.0212
2025,9,20,10,0.3098
2025,9,20,4,0.1437
2025,9,20,8,0.0626
2024,7,13,11,0.0359
2024,7,13,9,0.5401
2024,7,13,16,0.23
2024,7,13,1,0.0867
2024,7,13,14,0.1073
2024,12,9,14,0.2706
2024,12,9,13,0.0305
2024,12,9,2,0.0589
2024,12,9,7,0.2772
2024,12,9,5,0.3628
2025,12,14,8,0.2526
2025,12,14,3,0.2358
2025,12,14,13,0.2692
2025,12,14,15,0.2307
2025,12,14,14,0.0117
2024,3,3,4,0.0179
2024,3,3,1,0.139
2024,3,3,2,0.0678
2024,3,3,5,0.1928
2024,3,3,9,0.1383
2024,3,3,14,0.219
2024,3,3,3,0.1639
2024,3,3,8,0.0613
2025,7,1,4,0.0739
2025,7,1,13,0.5068
2025,7,1,3,0.4042
2025,7,1,7,0.0056
2025,7,1,9,0.0095
2025,9,7,11,0.5653
2025,9,7,9,0.4263
2025,9,7,15,0.0084
2024,8,1,2,0.1439
2024,8,1,9,0.0051
2024,8,1,16,0.2007
2024,8,1,5,0.1116
2024,8,1,1,0.1496
2024,8,1,4,0.1403
2024,8,1,11,0.1803
2024,8,1,13,0.0685
2025,11,18,8,0.123
2025,11,18,6,0.1864
2025,11,18,11,0.1508
2025,11,18,9,0.1938
2025,11,18,12,0.0188
2025,11,18,14,0.136
2025,11,18,7,0.1102
2025,11,18,1,0.081
2024,11,10,3,0.355
2024,11,10,16,0.3058
2024,11,10,5,0.286
2024,11,10,7,0.0532
2024,10,13,5,0.4542
2024,10,13,12,0.2174
2024,10,13,11,0.3284
2025,11,9,13,0.1685
2025,11,9,16,0.2983
2025,11,9,3,0.2294
2025,11,9,1,0.3038
2024,2,3,11,0.003
2024,2,3,10,0.3778
2024,2,3,2,0.0003
2024,2,3,3,0.1463
2024,2,3,7,0.4726
2025,10,3,14,0.2163
2025,10,3,6,0.3935
2025,10,3,7,0.0524
2025,10,3,11,0.1831
2025,10,3,15,0.1547
2024,3,7,4,0.2238
2024,3,7,16,0.0799
2024,3,7,1,0.2443
2024,3,7,5,0.1502
2024,3,7,10,0.1987
2024,3,7,12,0.0766
2024,3,7,6,0.0265
2024,7,7,12,0.2684
2024,7,7,1,0.2165
2024,7,7,9,0.1727
2024,7,7,7,0.099
2024,7,7,3,0.2434
2025,9,1,5,0.2915
2025,9,1,14,0.0913
2025,9,1,4,0.1676
2025,9,1,1,0.4496
2024,7,12,16,0.1987
2024,7,12,7,0.149
2024,7,12,5,0.1266
2024,7,12,2,0.1814
2024,7,12,3,0.2076
2024,7,12,15,0.0808
2024,7,12,13,0.0559
2025,10,1,13,0.075
2025,10,1,2,0.0918
2025,10,1,9,0.331
2025,10,1,12,0.0135
2025,10,1,1,0.082
2025,10,1,6,0.1015
2025,10,1,14,0.3052
2025,12,11,5,0.2286
2025,12,11,11,0.2434
2025,12,11,15,0.4
2025,12,11,8,0.0539
2025,12,11,9,0.0741
2024,3,18,13,0.1239
2024,3,18,6,0.3062
2024,3,18,7,0.1387
2024,3,18,10,0.0475
2024,3,18,4,0.1534
2024,3,18,3,0.2303
2024,9,17,8,0.0551
2024,9,17,7,0.1158
2024,9,17,9,0.2265
2024,9,17,4,0.6026
2025,3,11,7,0.3563
2025,3,11,10,0.4416
2025,3,11,12,0.2021
2025,9,3,16,0.053
2025,9,3,14,0.3169
2025,9,3,9,0.3058
2025,9,3,12,0.2801
2025,9,3,1,0.0442
2024,2,5,1,0.1189
2024,2,5,2,0.1593
2024,2,5,14,0.1025
2024,2,5,8,0.2582
2024,2,5,13,0.0377
2024,2,5,15,0.1092
2024,2,5,16,0.2142
2024,1,18,9,0.2181
2024,1,18,8,0.0907
2024,1,18,4,0.3249
2024,1,18,13,0.2742
2024,1,18,6,0.0921
2024,4,7,3,0.0954
2024,4,7,1,0.1221
2024,4,7,12,0.3588
2024,4,7,4,0.4237
2025,8,17,14,0.2427
2025,8,17,8,0.1154
2025,8,17,16,0.133
2025,8,17,10,0.2036
2025,8,17,11,0.1287
2025,8,17,1,0.1766
2024,5,7,2,0.6928
2024,5,7,12,0.0644
2024,5,7,16,0.0016
2024,5,7,14,0.2412
2024,2,12,8,0.132
2024,2,12,12,0.2652
2024,2,12,16,0.215
2024,2,12,9,0.1496
2024,2,12,3,0.2382
2024,5,5,12,0.0571
2024,5,5,11,0.0907
2024,5,5,4,0.0968
2024,5,5,14,0.2639
2024,5,5,16,0.0574
2024,5,5,5,0.0549
2024,5,5,3,0.3792
2024,7,5,16,0.1193
2024,7,5,8,0.211
2024,7,5,13,0.1605
2024,7,5,3,0.078
2024,7,5,15,0.0505
2024,7,5,12,0.3807
2025,5,12,12,0.1377
2025,5,12,3,0.0111
2025,5,12,2,0.2267
2025,5,12,14,0.0605
2025,5,12,5,0.0734
2025,5,12,9,0.2637
2025,5,12,16,0.2269
2025,11,13,16,0.1832
2025,11,13,9,0.1923
2025,11,13,14,0.069
2025,11,13,15,0.08
2025,11,13,5,0.1663
2025,11,13,3,0.1672
2025,11,13,1,0.142
2025,11,15,8,0.2184
2025,11,15,6,0.0162
2025,11,15,11,0.1111
2025,11,15,9,0.2033
2025,11,15,10,0.2093
2025,11,15,5,0.0708
2025,11,15,16,0.1709
2024,5,15,11,0.2449
2024,5,15,4,0.2307
2024,5,15,3,0.0767
2024,5,15,16,0.0201
2024,5,15,13,0.1037
2024,5,15,1,0.1644
2024,5,15,14,0.1595
2025,5,16,10,0.1789
2025,5,16,7,0.0184
2025,5,16,12,0.2676
2025,5,16,8,0.1534
2025,5,16,11,0.2121
2025,5,16,13,0.058
2025,5,16,9,0.1116
2024,10,2,8,0.1784
2024,10,2,14,0.3939
2024,10,2,10,0.4277
2024,2,4,5,0.2025
2024,2,4,12,0.2705
2024,2,4,2,0.0625
2024,2,4,14,0.3444
2024,2,4,15,0.1201
2024,11,5,2,0.1368
2024,11,5,16,0.033
2024,11,5,10,0.1617
2024,11,5,5,0.1211
2024,11,5,8,0.1874
2024,11,5,4,0.0909
2024,11,5,12,0.1991
2024,11,5,14,0.07
2025,1,9,16,0.2351
2025,1,9,11,0.0576
2025,1,9,8,0.3245
2025,1,9,10,0.0507
2025,1,9,2,0.0165
2025,1,9,14,0.2693
2025,1,9,9,0.0463
2025,9,2,4,0.107
2025,9,2,12,0.4914
2025,9,2,5,0.4016
2024,1,6,2,0.1078
2024,1,6,7,0.1135
2024,1,6,3,0.0846
2024,1,6,6,0.1945
2024,1,6,16,0.2519
2024,1,6,13,0.0143
2024,1,6,8,0.2334
2024,6,17,4,0.2167
2024,6,17,11,0.0026
2024,6,17,12,0.2328
2024,6,17,13,0.206
2024,6,17,15,0.1152
2024,6,17,1,0.2267
2024,3,6,9,0.1809
2024,3,6,3,0.2517
2024,3,6,11,0.2397
2024,3,6,15,0.3277
2024,1,17,13,0.2332
2024,1,17,7,0.0567
2024,1,17,6,0.0128
2024,1,17,12,0.284
2024,1,17,11,0.0328
2024,1,17,3,0.0355
2024,1,17,10,0.1328
2024,1,17,5,0.2122
2025,11,12,6,0.46
2025,11,12,11,0.1362
2025,11,12,4,0.4038
2025,7,12,11,0.2133
2025,7,12,4,0.2559
2025,7,12,7,0.2768
2025,7,12,8,0.254
2024,1,4,5,0.3063
2024,1,4,7,0.2776
2024,1,4,13,0.0277
2024,1,4,14,0.3832
2024,1,4,6,0.0052
2025,10,18,15,0.1185
2025,10,18,10,0.1292
2025,10,18,2,0.0344
2025,10,18,5,0.0961
2025,10,18,1,0.18
2025,10,18,8,0.0778
2025,10,18,11,0.1772
2025,10,18,14,0.1868
2024,4,1,2,0.1289
2024,4,1,8,0.1062
2024,4,1,14,0.1426
2024,4,1,5,0.1013
2024,4,1,7,0.1694
2024,4,1,12,0.1916
2024,4,1,11,0.16
2024,6,11,4,0.1136
2024,6,11,13,0.1456
2024,6,11,3,0.2356
2024,6,11,5,0.2278
2024,6,11,16,0.214
2024,6,11,6,0.0634
2025,4,8,7,0.2303
2025,4,8,16,0.2845
2025,4,8,14,0.1049
2025,4,8,10,0.1434
2025,4,8,6,0.2369
2025,1,11,16,0.2423
2025,1,11,4,0.1898
2025,1,11,6,0.1865
2025,1,11,12,0.1653
2025,1,11,1,0.044
2025,1,11,8,0.1721
2024,2,10,10,0.1624
2024,2,10,13,0.0211
2024,2,10,8,0.1455
2024,2,10,7,0.1526
2024,2,10,5,0.1451
2024,2,10,15,0.1567
2024,2,10,2,0.1601
2024,2,10,3,0.0565
2025,4,13,13,0.0803
2025,4,13,3,0.182
2025,4,13,14,0.2391
2025,4,13,8,0.183
2025,4,13,6,0.02
2025,4,13,7,0.1899
2025,4,13,5,0.1057
2024,10,3,7,0.1475
2024,10,3,1,0.2687
2024,10,3,15,0.0446
2024,10,3,11,0.3744
2024,10,3,16,0.1356
2024,10,3,4,0.0292
2024,2,7,2,0.3241
2024,2,7,8,0.272
2024,2,7,9,0.2844
2024,2,7,15,0.0186
2024,2,7,12,0.1009
2024,1,8,4,0.2183
2024,1,8,2,0.1719
2024,1,8,16,0.119
2024,1,8,12,0.1579
2024,1,8,11,0.1676
2024,1,8,6,0.0615
2024,1,8,14,0.1038
2025,10,17,16,0.3079
2025,10,17,15,0.2396
2025,10,17,11,0.2336
2025,10,17,3,0.2189
2024,6,9,15,0.1558
2024,6,9,8,0.3098
2024,6,9,12,0.3733
2024,6,9,1,0.0193
2024,6,9,6,0.0466
2024,6,9,14,0.0952
2024,2,18,13,0.2696
2024,2,18,10,0.0701
2024,2,18,16,0.3148
2024,2,18,15,0.1831
2024,2,18,2,0.019
2024,2,18,6,0.0487
2024,2,18,5,0.0947
2024,8,18,4,0.2095
2024,8,18,16,0.1081
2024,8,18,3,0.0402
2024,8,18,7,0.0642
2024,8,18,9,0.1948
2024,8,18,10,0.217
2024,8,18,15,0.0738
2024,8,18,8,0.0924
2025,11,8,3,0.1897
2025,11,8,12,0.0623
2025,11,8,16,0.2254
2025,11,8,15,0.1349
2025,11,8,10,0.2604
2025,11,8,2,0.1273
2024,6,19,3,0.194
2024,6,19,8,0.0544
2024,6,19,7,0.0765
2024,6,19,11,0.1281
2024,6,19,6,0.3069
2024,6,19,12,0.2401
2024,6,15,16,0.0021
2024,6,15,11,0.2334
2024,6,15,1,0.2687
2024,6,15,7,0.1914
2024,6,15,4,0.3044
2025,2,6,8,0.3735
2025,2,6,13,0.2134
2025,2,6,4,0.1724
2025,2,6,6,0.2407
2025,10,7,12,0.1841
2025,10,7,16,0.4753
2025,10,7,4,0.3406
2024,8,5,16,0.1588
2024,8,5,3,0.3782
2024,8,5,7,0.1364
2024,8,5,9,0.142
2024,8,5,11,0.1846
2025,6,17,15,0.4719
2025,6,17,11,0.1291
2025,6,17,3,0.399
2025,8,3,12,0.0322
2025,8,3,16,0.357
2025,8,3,11,0.6108
2025,3,5,11,0.4045
2025,3,5,7,0.1832
2025,3,5,12,0.0601
2025,3,5,5,0.0065
2025,3,5,6,0.2868
2025,3,5,1,0.0589
2025,1,16,14,0.1002
2025,1,16,8,0.1355
2025,1,16,10,0.1028
2025,1,16,15,0.1868
2025,1,16,5,0.1681
2025,1,16,12,0.2198
2025,1,16,13,0.0868
2024,10,20,10,0.0813
2024,10,20,7,0.2843
2024,10,20,13,0.154
2024,10,20,6,0.2587
2024,10,20,4,0.1421
2024,10,20,12,0.0796
2025,10,9,5,0.2951
2025,10,9,3,0.3621
2025,10,9,13,0.0436
2025,10,9,12,0.0003
2025,10,9,7,0.1284
2025,10,9,15,0.1705
2024,8,2,16,0.0535
2024,8,2,4,0.1343
2024,8,2,5,0.1481
2024,8,2,6,0.2935
2024,8,2,1,0.117
2024,8,2,13,0.0605
2024,8,2,3,0.1931
2025,6,13,16,0.0265
2025,6,13,14,0.1237
2025,6,13,11,0.2046
2025,6,13,10,0.157
2025,6,13,7,0.34
2025,6,13,3,0.1426
2025,6,13,13,0.0056
2024,4,8,11,0.1892
2024,4,8,10,0.1221
2024,4,8,2,0.1815
2024,4,8,15,0.098
2024,4,8,9,0.0919
2024,4,8,14,0.1547
2024,4,8,8,0.1626
2024,10,14,12,0.2349
2024,10,14,9,0.1191
2024,10,14,8,0.2251
2024,10,14,13,0.1246
2024,10,14,5,0.0401
2024,10,14,15,0.0389
2024,10,14,10,0.2173
2024,9,9,9,0.0236
2024,9,9,5,0.1594
2024,9,9,15,0.3092
2024,9,9,13,0.1172
2024,9,9,12,0.1241
2024,9,9,10,0.0919
2024,9,9,7,0.1746
2025,7,3,8,0.0711
2025,7,3,16,0.2548
2025,7,3,11,0.2586
2025,7,3,3,0.223
2025,7,3,2,0.1925
2024,10,16,3,0.3674
2024,10,16,15,0.4046
2024,10,16,9,0.228
2024,12,8,16,0.3196
2024,12,8,10,0.0832
2024,12,8,14,0.2752
2024,12,8,11,0.3067
2024,12,8,9,0.0153
2024,6,10,2,0.0118
2024,6,10,6,0.2761
2024,6,10,10,0.7121
2024,12,10,8,0.0211
2024,12,10,7,0.4733
2024,12,10,6,0.0436
2024,12,10,9,0.1454
2024,12,10,14,0.1966
2024,12,10,5,0.12
2024,8,6,5,0.2436
2024,8,6,14,0.0468
2024,8,6,11,0.0582
2024,8,6,12,0.2329
2024,8,6,8,0.2261
2024,8,6,2,0.1924
2025,1,5,11,0.1735
2025,1,5,4,0.1338
2025,1,5,15,0.2643
2025,1,5,6,0.2327
2025,1,5,14,0.19
2025,1,5,13,0.0057
2024,8,13,6,0.1613
2024,8,13,9,0.2486
2024,8,13,3,0.1426
2024,8,13,12,0.152
2024,8,13,13,0.2073
2024,8,13,2,0.0882
2025,8,16,5,0.1588
2025,8,16,13,0.3208
2025,8,16,12,0.0845
2025,8,16,15,0.2008
2025,8,16,8,0.1601
2025,8,16,4,0.075
2025,8,7,8,0.1747
2025,8,7,14,0.2646
2025,8,7,7,0.1337
2025,8,7,15,0.0866
2025,8,7,13,0.089
2025,8,7,1,0.003
2025,8,7,10,0.2337
2025,8,7,16,0.0147
2024,5,4,10,0.0346
2024,5,4,5,0.1343
2024,5,4,6,0.2143
2024,5,4,11,0.2179
2024,5,4,1,0.1703
2024,5,4,8,0.006
2024,5,4,3,0.018
2024,5,4,7,0.2046
2025,7,9,8,0.0546
2025,7,9,12,0.1912
2025,7,9,3,0.1278
2025,7,9,15,0.1427
2025,7,9,14,0.0058
2025,7,9,7,0.2298
2025,7,9,6,0.2481
2024,9,6,12,0.047
2024,9,6,7,0.1276
2024,9,6,8,0.1784
2024,9,6,2,0.1678
2024,9,6,13,0.1825
2024,9,6,14,0.0381
2024,9,6,11,0.1855
2024,9,6,6,0.0731
2025,5,10,15,0.5017
2025,5,10,11,0.3429
2025,5,10,1,0.1554
2024,11,11,11,0.267
2024,11,11,12,0.1207
2024,11,11,6,0.2456
2024,11,11,13,0.1122
2024,11,11,4,0.2075
2024,11,11,9,0.047
2024,4,15,7,0.0922
2024,4,15,14,0.2108
2024,4,15,10,0.2252
2024,4,15,6,0.108
2024,4,15,1,0.1098
2024,4,15,8,0.048
2024,4,15,12,0.206
2025,3,18,4,0.1973
2025,3,18,6,0.209
2025,3,18,7,0.0462
2025,3,18,9,0.2184
2025,3,18,16,0.1314
2025,3,18,13,0.0842
2025,3,18,8,0.1135
2025,9,11,5,0.0265
2025,9,11,2,0.1487
2025,9,11,16,0.1507
2025,9,11,12,0.0008
2025,9,11,10,0.2787
2025,9,11,3,0.2165
2025,9,11,14,0.1781
2024,12,12,12,0.1643
2024,12,12,9,0.1206
2024,12,12,4,0.235
2024,12,12,1,0.1021
2024,12,12,7,0.2243
2024,12,12,15,0.124
2024,12,12,5,0.0297
2024,6,20,6,0.227
2024,6,20,4,0.0156
2024,6,20,9,0.1358
2024,6,20,7,0.1636
2024,6,20,13,0.3389
2024,6,20,16,0.1191
2025,2,12,15,0.1037
2025,2,12,13,0.2892
2025,2,12,4,0.1136
2025,2,12,12,0.2657
2025,2,12,6,0.2278
2025,7,2,16,0.0943
2025,7,2,15,0.0575
2025,7,2,11,0.2212
2025,7,2,3,0.2581
2025,7,2,6,0.1713
2025,7,2,1,0.1976
2025,11,6,3,0.1852
2025,11,6,1,0.0874
2025,11,6,11,0.2005
2025,11,6,9,0.1208
2025,11,6,6,0.1489
2025,11,6,12,0.1956
2025,11,6,13,0.0616
2025,6,2,1,0.0976
2025,6,2,3,0.2086
2025,6,2,5,0.1943
2025,6,2,2,0.2474
2025,6,2,16,0.0801
2025,6,2,14,0.0647
2025,6,2,13,0.1073
2025,1,6,4,0.5978
2025,1,6,7,0.1007
2025,1,6,13,0.3015
2025,5,5,13,0.1335
2025,5,5,7,0.331
2025,5,5,2,0.2069
2025,5,5,4,0.3074
2025,5,5,11,0.0212
2025,7,11,10,0.1668
2025,7,11,6,0.5262
2025,7,11,9,0.307
2025,7,10,5,0.2073
2025,7,10,11,0.4555
2025,7,10,8,0.3182
2025,7,10,1,0.019
2025,9,13,13,0.0826
2025,9,13,5,0.0658
2025,9,13,10,0.1315
2025,9,13,16,0.1692
2025,9,13,15,0.1558
2025,9,13,14,0.1786
2025,9,13,4,0.1739
2025,9,13,6,0.0426
2024,2,17,13,0.2187
2024,2,17,4,0.0764
2024,2,17,9,0.0816
2024,2,17,15,0.128
2024,2,17,7,0.1867
2024,2,17,5,0.1216
2024,2,17,8,0.1315
2024,2,17,3,0.0555
2024,10,17,3,0.2625
2024,10,17,13,0.2013
2024,10,17,15,0.0785
2024,10,17,14,0.1949
2024,10,17,5,0.2628
2024,7,20,14,0.2136
2024,7,20,7,0.2023
2024,7,20,12,0.072
2024,7,20,4,0.0587
2024,7,20,11,0.2515
2024,7,20,10,0.1969
2024,7,20,1,0.005
2025,6,12,14,0.1681
2025,6,12,8,0.0921
2025,6,12,11,0.1808
2025,6,12,3,0.0125
2025,6,12,6,0.1418
2025,6,12,2,0.2313
2025,6,12,5,0.0516
2025,6,12,1,0.1218
2024,12,6,4,0.3414
2024,12,6,15,0.3378
2024,12,6,7,0.3208
2025,2,15,8,0.1997
2025,2,15,15,0.5447
2025,2,15,1,0.2556
2025,2,16,4,0.0386
2025,2,16,11,0.0963
2025,2,16,3,0.0997
2025,2,16,9,0.156
2025,2,16,2,0.3799
2025,2,16,6,0.1411
2025,2,16,1,0.0884
2024,3,20,12,0.0893
2024,3,20,4,0.2824
2024,3,20,7,0.3513
2024,3,20,2,0.277
2024,6,12,12,0.3885
2024,6,12,15,0.3045
2024,6,12,8,0.1611
2024,6,12,13,0.1459
2024,12,19,2,0.3774
2024,12,19,11,0.3595
2024,12,19,10,0.2631
2025,7,19,8,0.028
2025,7,19,11,0.1267
2025,7,19,4,0.2669
2025,7,19,2,0.0515
2025,7,19,6,0.28
2025,7,19,16,0.2469
2024,1,7,9,0.0197
2024,1,7,8,0.1418
2024,1,7,2,0.4101
2024,1,7,7,0.1981
2024,1,7,6,0.2303
2025,6,8,12,0.2075
2025,6,8,11,0.1967
2025,6,8,15,0.2597
2025,6,8,9,0.2423
2025,6,8,16,0.0938
2025,5,14,9,0.3433
2025,5,14,2,0.0492
2025,5,14,11,0.0943
2025,5,14,14,0.3141
2025,5,14,10,0.1991
2024,8,19,9,0.519
2024,8,19,10,0.4586
2024,8,19,16,0.0224
2024,8,11,7,0.2202
2024,8,11,8,0.1826
2024,8,11,4,0.0925
2024,8,11,10,0.5047
2024,9,18,14,0.2231
2024,9,18,1,0.0409
2024,9,18,12,0.1475
2024,9,18,13,0.2855
2024,9,18,8,0.3019
2024,9,18,5,0.0011
2025,7,20,14,0.2707
2025,7,20,12,0.2169
2025,7,20,2,0.2501
2025,7,20,4,0.2623
2024,10,5,7,0.3785
2024,10,5,3,0.2885
2024,10,5,14,0.333
2025,2,13,9,0.3249
2025,2,13,2,0.0653
2025,2,13,14,0.008
2025,2,13,12,0.6018
2024,1,11,5,0.2907
2024,1,11,14,0.1139
2024,1,11,11,0.1235
2024,1,11,6,0.303
2024,1,11,3,0.1689
2025,7,8,9,0.4482
2025,7,8,11,0.3387
2025,7,8,16,0.2131
2024,6,4,3,0.0148
2024,6,4,16,0.3018
2024,6,4,7,0.2985
2024,6,4,4,0.0963
2024,6,4,13,0.2407
2024,6,4,5,0.0479
2024,5,2,5,0.2657
2024,5,2,7,0.1435
2024,5,2,8,0.517
2024,5,2,3,0.0738
2024,2,19,14,0.1918
2024,2,19,8,0.167
2024,2,19,5,0.1809
2024,2,19,7,0.1222
2024,2,19,10,0.1777
2024,2,19,6,0.1604
2025,8,13,15,0.3362
2025,8,13,11,0.0997
2025,8,13,12,0.2091
2025,8,13,8,0.0668
2025,8,13,5,0.0251
2025,8,13,10,0.1437
2025,8,13,3,0.1194
2024,9,8,6,0.1282
2024,9,8,14,0.1803
2024,9,8,15,0.1534
2024,9,8,12,0.2228
2024,9,8,7,0.2313
2024,9,8,13,0.084
2025,11,10,14,0.3072
2025,11,10,15,0.0128
2025,11,10,8,0.0304
2025,11,10,11,0.0497
2025,11,10,9,0.2871
2025,11,10,4,0.3128
2025,3,20,16,0.0495
2025,3,20,8,0.8128
2025,3,20,10,0.1377
2024,10,19,8,0.218
2024,10,19,4,0.265
2024,10,19,15,0.2215
2024,10,19,2,0.2955
2025,3,7,1,0.4219
2025,3,7,2,0.5662
2025,3,7,7,0.0119
2025,4,17,14,0.3488
2025,4,17,3,0.3498
2025,4,17,9,0.0892
2025,4,17,1,0.2122
2025,11,7,12,0.2084
2025,11,7,4,0.0361
2025,11,7,2,0.1855
2025,11,7,14,0.0996
2025,11,7,6,0.0331
2025,11,7,5,0.1215
2025,11,7,15,0.3076
2025,11,7,8,0.0082
2024,10,15,14,0.2921
2024,10,15,1,0.1441
2024,10,15,9,0.1182
2024,10,15,7,0.0155
2024,10,15,3,0.0576
2024,10,15,4,0.3725
2024,5,10,6,0.0286
2024,5,10,13,0.1828
2024,5,10,3,0.0667
2024,5,10,5,0.1263
2024,5,10,8,0.1089
2024,5,10,9,0.1378
2024,5,10,10,0.172
2024,5,10,14,0.1769
2024,8,7,4,0.0183
2024,8,7,13,0.1491
2024,8,7,15,0.0093
2024,8,7,16,0.091
2024,8,7,6,0.1353
2024,8,7,1,0.1729
2024,8,7,7,0.164
2024,8,7,3,0.2601
2024,9,4,13,0.5232
2024,9,4,3,0.4452
2024,9,4,12,0.0316
2025,1,8,16,0.1084
2025,1,8,11,0.0969
2025,1,8,6,0.2541
2025,1,8,3,0.0556
2025,1,8,7,0.1431
2025,1,8,9,0.1976
2025,1,8,12,0.1443
2024,8,8,6,0.0147
2024,8,8,2,0.1877
2024,8,8,5,0.1241
2024,8,8,1,0.2527
2024,8,8,8,0.2064
2024,8,8,4,0.1583
2024,8,8,12,0.0534
2024,8,8,11,0.0027
2024,1,3,1,0.3563
2024,1,3,15,0.3113
2024,1,3,16,0.1648
2024,1,3,6,0.1676
2024,5,13,16,0.1591
2024,5,13,1,0.5854
2024,5,13,11,0.2555
2025,9,17,11,0.263
2025,9,17,15,0.2685
2025,9,17,16,0.2661
2025,9,17,8,0.0863
2025,9,17,10,0.1161
2024,4,10,8,0.1977
2024,4,10,9,0.274
2024,4,10,2,0.0573
2024,4,10,6,0.1907
2024,4,10,3,0.2224
2024,4,10,12,0.0579
2025,11,11,9,0.1793
2025,11,11,1,0.1807
2025,11,11,2,0.1472
2025,11,11,5,0.2541
2025,11,11,10,0.2387
2024,7,4,12,0.21
2024,7,4,5,0.3079
2024,7,4,4,0.1412
2024,7,4,11,0.1049
2024,7,4,2,0.2135
2024,7,4,9,0.0225
2025,6,16,6,0.2303
2025,6,16,12,0.1949
2025,6,16,5,0.0565
2025,6,16,13,0.1964
2025,6,16,7,0.0838
2025,6,16,4,0.1489
2025,6,16,15,0.0852
2025,6,16,10,0.004
2024,5,17,8,0.0044
2024,5,17,9,0.2401
2024,5,17,16,0.242
2024,5,17,6,0.3138
2024,5,17,1,0.1997
2024,8,4,7,0.4477
2024,8,4,2,0.0539
2024,8,4,8,0.4984
2024,12,20,12,0.0019
2024,12,20,10,0.1559
2024,12,20,16,0.191
2024,12,20,9,0.6512
2025,7,5,14,0.088
2025,7,5,10,0.0635
2025,7,5,7,0.3089
2025,7,5,5,0.069
2025,7,5,1,0.4706
2025,9,19,7,0.2758
2025,9,19,6,0.1412
2025,9,19,3,0.3202
2025,9,19,1,0.2628
2025,2,3,2,0.3044
2025,2,3,11,0.0534
2025,2,3,10,0.1582
2025,2,3,4,0.3432
2025,2,3,16,0.0929
2025,2,3,7,0.0479
2024,5,18,10,0.8279
2024,5,18,1,0.1653
2024,5,18,9,0.0068
2025,8,4,3,0.1013
2025,8,4,12,0.1598
2025,8,4,8,0.2537
2025,8,4,2,0.0159
2025,8,4,10,0.2619
2025,8,4,15,0.2074
2024,7,3,12,0.1117
2024,7,3,1,0.1192
2024,7,3,9,0.2186
2024,7,3,2,0.1724
2024,7,3,10,0.0425
2024,7,3,15,0.1128
2024,7,3,11,0.0611
2024,7,3,6,0.1617
2024,10,4,16,0.4501
2024,10,4,13,0.3435
2024,10,4,7,0.2064
2024,11,3,1,0.0196
2024,11,3,3,0.1494
2024,11,3,12,0.2678
2024,11,3,15,0.0078
2024,11,3,9,0.1064
2024,11,3,7,0.0605
2024,11,3,8,0.0697
2024,11,3,2,0.3188
2025,1,7,15,0.0238
2025,1,7,5,0.2574
2025,1,7,2,0.2725
2025,1,7,11,0.1048
2025,1,7,16,0.0703
2025,1,7,10,0.2712
2025,3,15,16,0.0579
2025,3,15,12,0.0851
2025,3,15,13,0.1671
2025,3,15,11,0.1143
2025,3,15,6,0.1666
2025,3,15,3,0.1693
2025,3,15,7,0.1089
2025,3,15,2,0.1308
2025,3,8,8,0.0408
2025,3,8,2,0.1127
2025,3,8,16,0.3159
2025,3,8,15,0.0507
2025,3,8,6,0.1279
2025,3,8,13,0.352
2025,5,19,12,0.0632
2025,5,19,15,0.2665
2025,5,19,5,0.2723
2025,5,19,7,0.1292
2025,5,19,8,0.2688
2025,3,10,9,0.1711
2025,3,10,2,0.1366
2025,3,10,10,0.3848
2025,3,10,1,0.135
2025,3,10,11,0.0228
2025,3,10,7,0.1497
2025,8,2,1,0.1001
2025,8,2,4,0.2251
2025,8,2,5,0.1146
2025,8,2,16,0.0961
2025,8,2,2,0.0512
2025,8,2,11,0.2178
2025,8,2,12,0.0282
2025,8,2,8,0.1669
2025,10,6,7,0.2713
2025,10,6,9,0.2791
2025,10,6,4,0.1954
2025,10,6,2,0.0127
2025,10,6,11,0.105
2025,10,6,15,0.1365
2024,7,6,13,0.0184
2024,7,6,6,0.0184
2024,7,6,14,0.2238
2024,7,6,7,0.1878
2024,7,6,5,0.2126
2024,7,6,1,0.0917
2024,7,6,11,0.2473
2025,3,12,2,0.3292
2025,3,12,12,0.029
2025,3,12,14,0.1627
2025,3,12,8,0.1083
2025,3,12,9,0.1048
2025,3,12,3,0.266
2024,12,4,3,0.1848
2024,12,4,14,0.17
2024,12,4,2,0.2307
2024,12,4,5,0.2544
2024,12,4,8,0.1601
2025,9,4,5,0.0622
2025,9,4,3,0.036
2025,9,4,4,0.0389
2025,9,4,1,0.4525
2025,9,4,11,0.1286
2025,9,4,7,0.0269
2025,9,4,16,0.2549
2024,11,20,12,0.0793
2024,11,20,2,0.3061
2024,11,20,11,0.1407
2024,11,20,16,0.1061
2024,11,20,6,0.0215
2024,11,20,10,0.2509
2024,11,20,3,0.0954
2024,7,10,11,0.3416
2024,7,10,4,0.2714
2024,7,10,13,0.0976
2024,7,10,15,0.286
2024,7,10,2,0.0034
2025,9,6,11,0.2276
2025,9,6,16,0.0759
2025,9,6,14,0.6965
2025,2,19,4,0.1793
2025,2,19,15,0.2078
2025,2,19,16,0.2209
2025,2,19,11,0.177
2025,2,19,13,0.2117
2025,2,19,5,0.0033
2025,4,18,2,0.2512
2025,4,18,11,0.2253
2025,4,18,8,0.1362
2025,4,18,9,0.113
2025,4,18,7,0.0335
2025,4,18,10,0.2408
2025,12,19,8,0.1556
2025,12,19,1,0.2373
2025,12,19,5,0.1568
2025,12,19,2,0.1199
2025,12,19,12,0.2057
2025,12,19,11,0.059
2025,12,19,6,0.0657
2025,3,1,12,0.3629
2025,3,1,11,0.1986
2025,3,1,14,0.183
2025,3,1,15,0.2555
2025,6,3,4,0.2956
2025,6,3,11,0.2121
2025,6,3,7,0.4923
2025,12,10,8,0.1524
2025,12,10,2,0.2718
2025,12,10,11,0.0154
2025,12,10,13,0.3099
2025,12,10,12,0.2505
2025,6,14,16,0.0818
2025,6,14,1,0.2317
2025,6,14,2,0.2815
2025,6,14,12,0.405
2025,10,8,9,0.067
2025,10,8,11,0.0084
2025,10,8,1,0.2868
2025,10,8,12,0.2603
2025,10,8,10,0.1403
2025,10,8,6,0.2372
2024,6,13,5,0.2349
2024,6,13,9,0.1257
2024,6,13,2,0.1627
2024,6,13,15,0.1277
2024,6,13,16,0.0661
2024,6,13,8,0.2829
2024,9,20,6,0.1287
2024,9,20,5,0.1859
2024,9,20,2,0.0076
2024,9,20,7,0.1489
2024,9,20,11,0.1561
2024,9,20,14,0.1939
2024,9,20,12,0.1789
2025,3,17,6,0.0078
2025,3,17,12,0.296
2025,3,17,8,0.302
2025,3,17,9,0.2257
2025,3,17,11,0.0163
2025,3,17,10,0.1522
2025,6,15,3,0.3399
2025,6,15,13,0.2909
2025,6,15,2,0.163
2025,6,15,16,0.2062
2025,4,19,5,0.2445
2025,4,19,15,0.0474
2025,4,19,9,0.0998
2025,4,19,3,0.1275
2025,4,19,13,0.0886
2025,4,19,4,0.211
2025,4,19,11,0.1812
2025,12,2,12,0.1532
2025,12,2,13,0.2487
2025,12,2,7,0.2524
2025,12,2,2,0.3457
2025,6,7,3,0.2212
2025,6,7,4,0.3154
2025,6,7,5,0.084
2025,6,7,13,0.0897
2025,6,7,16,0.2897
2024,12,14,16,0.3457
2024,12,14,14,0.0385
2024,12,14,5,0.3409
2024,12,14,3,0.2749
2025,7,14,9,0.379
2025,7,14,3,0.2058
2025,7,14,1,0.4152
2024,9,5,12,0.2695
2024,9,5,11,0.3656
2024,9,5,9,0.3649
2024,7,17,11,0.1369
2024,7,17,1,0.2355
2024,7,17,14,0.2756
2024,7,17,16,0.352
2024,10,18,8,0.2594
2024,10,18,14,0.1726
2024,10,18,11,0.1078
2024,10,18,13,0.2548
2024,10,18,1,0.2054
2025,1,19,16,0.1583
2025,1,19,10,0.2687
2025,1,19,13,0.0729
2025,1,19,12,0.0844
2025,1,19,15,0.2341
2025,1,19,4,0.1816
2024,12,13,4,0.637
2024,12,13,7,0.0899
2024,12,13,11,0.1046
2024,12,13,13,0.1685
2024,6,16,4,0.0945
2024,6,16,11,0.8405
2024,6,16,15,0.065
2024,7,1,16,0.3155
2024,7,1,6,0.647
2024,7,1,4,0.0375
2025,5,17,13,0.2707
2025,5,17,10,0.3337
2025,5,17,5,0.0649
2025,5,17,9,0.0531
2025,5,17,14,0.2776
2024,12,5,8,0.2549
2024,12,5,14,0.3588
2024,12,5,3,0.2393
2024,12,5,1,0.147
2025,8,9,16,0.1331
2025,8,9,1,0.1897
2025,8,9,13,0.0565
2025,8,9,14,0.0027
2025,8,9,12,0.1198
2025,8,9,10,0.0804
2025,8,9,5,0.1997
2025,8,9,4,0.2181
2025,5,6,16,0.0872
2025,5,6,10,0.3823
2025,5,6,3,0.1642
2025,5,6,2,0.3663
2024,7,8,6,0.208
2024,7,8,3,0.2728
2024,7,8,7,0.0705
2024,7,8,11,0.0228
2024,7,8,1,0.036
2024,7,8,9,0.0781
2024,7,8,12,0.3118
2025,3,6,10,0.1433
2025,3,6,5,0.0524
2025,3,6,12,0.1692
2025,3,6,16,0.2612
2025,3,6,9,0.1161
2025,3,6,14,0.1964
2025,3,6,4,0.0614
2025,8,18,4,0.4015
2025,8,18,16,0.1176
2025,8,18,13,0.4809
2024,6,8,13,0.1381
2024,6,8,3,0.1966
2024,6,8,5,0.2184
2024,6,8,6,0.44
2024,6,8,16,0.0069
2025,6,18,12,0.1825
2025,6,18,6,0.3005
2025,6,18,11,0.3228
2025,6,18,9,0.1942
2025,4,15,4,0.036
2025,4,15,13,0.7288
2025,4,15,9,0.2352
2024,7,14,8,0.1019
2024,7,14,9,0.2065
2024,7,14,6,0.1617
2024,7,14,1,0.2036
2024,7,14,3,0.1091
2024,7,14,15,0.1559
2024,7,14,5,0.0464
2024,7,14,16,0.0149
2025,8,14,14,0.2838
2025,8,14,13,0.259
2025,8,14,5,0.0754
2025,8,14,2,0.2386
2025,8,14,6,0.1432
2024,3,5,13,0.3744
2024,3,5,7,0.2712
2024,3,5,15,0.3544
2025,11,2,13,0.1397
2025,11,2,4,0.1354
2025,11,2,16,0.1941
2025,11,2,15,0.1922
2025,11,2,2,0.1147
2025,11,2,12,0.0655
2025,11,2,10,0.0428
2025,11,2,11,0.1156
2024,4,6,7,0.0185
2024,4,6,12,0.1575
2024,4,6,2,0.2011
2024,4,6,4,0.3141
2024,4,6,5,0.0027
2024,4,6,11,0.3061
2025,3,4,7,0.0812
2025,3,4,1,0.0301
2025,3,4,16,0.0086
2025,3,4,2,0.5835
2025,3,4,9,0.2198
2025,3,4,10,0.0768
2024,5,6,5,0.1832
2024,5,6,13,0.283
2024,5,6,2,0.0519
2024,5,6,7,0.1763
2024,5,6,3,0.1103
2024,5,6,16,0.1953
2025,1,3,12,0.0639
2025,1,3,15,0.4478
2025,1,3,13,0.3465
2025,1,3,6,0.1418
2024,10,7,1,0.0287
2024,10,7,6,0.1804
2024,10,7,12,0.2186
2024,10,7,4,0.2008
2024,10,7,7,0.1657
2024,10,7,8,0.0076
2024,10,7,10,0.0766
2024,10,7,2,0.1216
2024,8,20,1,0.0181
2024,8,20,14,0.1113
2024,8,20,4,0.1477
2024,8,20,6,0.1781
2024,8,20,12,0.0763
2024,8,20,13,0.1583
2024,8,20,16,0.1726
2024,8,20,9,0.1376
2024,1,13,11,0.2456
2024,1,13,7,0.183
2024,1,13,6,0.1769
2024,1,13,12,0.1918
2024,1,13,8,0.2027
2024,2,16,9,0.0204
2024,2,16,5,0.3517
2024,2,16,3,0.1328
2024,2,16,1,0.0312
2024,2,16,6,0.3281
2024,2,16,15,0.1358
2024,2,9,11,0.0105
2024,2,9,7,0.159
2024,2,9,8,0.1408
2024,2,9,13,0.1741
2024,2,9,5,0.1311
2024,2,9,1,0.1301
2024,2,9,10,0.0529
2024,2,9,3,0.2015
2024,9,11,3,0.4759
2024,9,11,4,0.0432
2024,9,11,5,0.4809
2024,8,3,2,0.1968
2024,8,3,7,0.2904
2024,8,3,11,0.2699
2024,8,3,8,0.0936
2024,8,3,1,0.1493
2025,8,5,9,0.3584
2025,8,5,1,0.0151
2025,8,5,15,0.118
2025,8,5,14,0.1662
2025,8,5,13,0.3423
2025,12,8,15,0.1062
2025,12,8,7,0.3474
2025,12,8,9,0.2907
2025,12,8,13,0.126
2025,12,8,4,0.1297
2024,12,2,10,0.5781
2024,12,2,15,0.1413
2024,12,2,9,0.2806
2024,5,16,5,0.2666
2024,5,16,6,0.1464
2024,5,16,8,0.1923
2024,5,16,7,0.1663
2024,5,16,1,0.2038
2024,5,16,2,0.0246
2024,3,12,4,0.2124
2024,3,12,3,0.1164
2024,3,12,11,0.1738
2024,3,12,2,0.0367
2024,3,12,7,0.1767
2024,3,12,6,0.1878
2024,3,12,15,0.0962
2025,1,1,11,0.4646
2025,1,1,1,0.4976
2025,1,1,8,0.0378
2025,9,8,9,0.1033
2025,9,8,2,0.1728
2025,9,8,11,0.1842
2025,9,8,7,0.2087
2025,9,8,14,0.1422
2025,9,8,5,0.1888
2025,7,6,2,0.658
2025,7,6,12,0.1324
2025,7,6,4,0.2096
2024,9,19,15,0.2641
2024,9,19,7,0.0273
2024,9,19,8,0.1398
2024,9,19,1,0.2524
2024,9,19,3,0.0762
2024,9,19,6,0.1627
2024,9,19,5,0.0775
2024,3,2,6,0.0652
2024,3,2,5,0.3142
2024,3,2,11,0.0236
2024,3,2,15,0.0309
2024,3,2,2,0.2806
2024,3,2,14,0.085
2024,3,2,9,0.1559
2024,3,2,4,0.0446
2025,7,15,9,0.1399
2025,7,15,13,0.0607
2025,7,15,8,0.1075
2025,7,15,12,0.1342
2025,7,15,10,0.0498
2025,7,15,3,0.1561
2025,7,15,15,0.1817
2025,7,15,14,0.1701
2024,11,7,10,0.0786
2024,11,7,1,0.1758
2024,11,7,15,0.1258
2024,11,7,16,0.2073
2024,11,7,11,0.0542
2024,11,7,5,0.2243
2024,11,7,7,0.134
2025,3,3,10,0.166
2025,3,3,9,0.1229
2025,3,3,12,0.0629
2025,3,3,13,0.1024
2025,3,3,15,0.1646
2025,3,3,8,0.2077
2025,3,3,14,0.1078
2025,3,3,1,0.0657
2025,1,15,16,0.0661
2025,1,15,15,0.2283
2025,1,15,4,0.0935
2025,1,15,8,0.1501
2025,1,15,9,0.2279
2025,1,15,1,0.1212
2025,1,15,6,0.1129
2025,8,19,15,0.1803
2025,8,19,5,0.1041
2025,8,19,8,0.0149
2025,8,19,7,0.1588
2025,8,19,14,0.153
2025,8,19,13,0.1564
2025,8,19,11,0.2325
2024,1,5,13,0.1986
2024,1,5,14,0.3814
2024,1,5,5,0.3544
2024,1,5,3,0.0656
2025,1,17,16,0.1321
2025,1,17,14,0.269
2025,1,17,15,0.0999
2025,1,17,1,0.0366
2025,1,17,9,0.1971
2025,1,17,6,0.2653
2025,10,12,7,0.3564
2025,10,12,13,0.1798
2025,10,12,12,0.0201
2025,10,12,10,0.1311
2025,10,12,11,0.12
2025,10,12,14,0.1926
2024,6,1,4,0.2141
2024,6,1,5,0.0126
2024,6,1,1,0.2197
2024,6,1,6,0.2257
2024,6,1,8,0.1699
2024,6,1,12,0.158
2024,12,7,12,0.0136
2024,12,7,5,0.3136
2024,12,7,15,0.2344
2024,12,7,10,0.2352
2024,12,7,14,0.2032
2025,9,12,11,0.1604
2025,9,12,3,0.3104
2025,9,12,6,0.0873
2025,9,12,7,0.2439
2025,9,12,16,0.088
2025,9,12,4,0.11
2024,11,14,16,0.2837
2024,11,14,7,0.1674
2024,11,14,14,0.234
2024,11,14,13,0.1878
2024,11,14,11,0.1271
2024,9,12,11,0.1339
2024,9,12,1,0.2088
2024,9,12,10,0.0372
2024,9,12,6,0.1778
2024,9,12,4,0.1979
2024,9,12,15,0.0407
2024,9,12,8,0.1107
2024,9,12,3,0.093
2024,5,19,16,0.1758
2024,5,19,1,0.1543
2024,5,19,12,0.102
2024,5,19,9,0.0964
2024,5,19,10,0.0562
2024,5,19,5,0.2213
2024,5,19,3,0.194
2025,3,13,1,0.0668
2025,3,13,13,0.0437
2025,3,13,11,0.229
2025,3,13,3,0.1519
2025,3,13,8,0.2086
2025,3,13,7,0.2502
2025,3,13,5,0.0498
2024,11,16,2,0.2932
2024,11,16,1,0.1581
2024,11,16,8,0.0819
2024,11,16,10,0.1813
2024,11,16,7,0.2855
2024,4,2,9,0.1166
2024,4,2,3,0.0775
2024,4,2,5,0.188
2024,4,2,8,0.0852
2024,4,2,2,0.0664
2024,4,2,7,0.17
2024,4,2,14,0.1366
2024,4,2,12,0.1597
2024,3,8,6,0.2352
2024,3,8,16,0.1352
2024,3,8,1,0.2377
2024,3,8,2,0.2056
2024,3,8,7,0.1863
2024,2,13,5,0.1389
2024,2,13,4,0.0522
2024,2,13,1,0.2001
2024,2,13,8,0.1988
2024,2,13,11,0.2188
2024,2,13,14,0.1537
2024,2,13,12,0.0375
2025,2,8,10,0.3239
2025,2,8,4,0.1191
2025,2,8,3,0.1203
2025,2,8,7,0.236
2025,2,8,16,0.0386
2025,2,8,14,0.1621
2025,5,8,12,0.2669
2025,5,8,15,0.1402
2025,5,8,10,0.4202
2025,5,8,14,0.0184
2025,5,8,2,0.0318
2025,5,8,16,0.0499
2025,5,8,3,0.0726
2024,11,1,4,0.0379
2024,11,1,5,0.0326
2024,11,1,7,0.0575
2024,11,1,6,0.3211
2024,11,1,10,0.3277
2024,11,1,13,0.2232
2025,10,10,2,0.0334
2025,10,10,6,0.1245
2025,10,10,10,0.2011
2025,10,10,7,0.1794
2025,10,10,13,0.121
2025,10,10,11,0.0451
2025,10,10,12,0.1045
2025,10,10,5,0.191
2024,2,8,10,0.1281
2024,2,8,15,0.1295
2024,2,8,3,0.0828
2024,2,8,9,0.1486
2024,2,8,13,0.2102
2024,2,8,5,0.0145
2024,2,8,7,0.0658
2024,2,8,4,0.2205
2025,7,17,6,0.1422
2025,7,17,14,0.201
2025,7,17,8,0.099
2025,7,17,15,0.0883
2025,7,17,3,0.2343
2025,7,17,11,0.0815
2025,7,17,2,0.0489
2025,7,17,13,0.1048
2024,12,11,5,0.0719
2024,12,11,16,0.1361
2024,12,11,14,0.1153
2024,12,11,11,0.1631
2024,12,11,13,0.1348
2024,12,11,15,0.2067
2024,12,11,9,0.1721
2025,2,1,9,0.2614
2025,2,1,14,0.2788
2025,2,1,10,0.3155
2025,2,1,2,0.1443
2025,3,9,16,0.0285
2025,3,9,8,0.1007
2025,3,9,5,0.1515
2025,3,9,15,0.241
2025,3,9,9,0.2929
2025,3,9,7,0.0565
2025,3,9,10,0.1289
2024,9,3,13,0.1969
2024,9,3,6,0.0301
2024,9,3,3,0.2081
2024,9,3,12,0.057
2024,9,3,5,0.1157
2024,9,3,2,0.1069
2024,9,3,15,0.2853
2025,9,10,15,0.3837
2025,9,10,13,0.0912
2025,9,10,2,0.5251
2024,7,19,8,0.0204
2024,7,19,13,0.3348
2024,7,19,12,0.1527
2024,7,19,4,0.1583
2024,7,19,16,0.3338
2024,4,3,13,0.0118
2024,4,3,4,0.2287
2024,4,3,16,0.1453
2024,4,3,6,0.3544
2024,4,3,14,0.2598
2024,7,16,4,0.3862
2024,7,16,12,0.2791
2024,7,16,6,0.3347
2024,7,9,3,0.0664
2024,7,9,14,0.0534
2024,7,9,4,0.8045
2024,7,9,8,0.0757
2025,11,17,15,0.1558
2025,11,17,5,0.1313
2025,11,17,10,0.1636
2025,11,17,4,0.0011
2025,11,17,2,0.1545
2025,11,17,8,0.1156
2025,11,17,6,0.1147
2025,11,17,7,0.1634
2024,1,9,7,0.2612
2024,1,9,8,0.2122
2024,1,9,4,0.0269
2024,1,9,14,0.2852
2024,1,9,10,0.0018
2024,1,9,15,0.2127
2025,5,7,6,0.1887
2025,5,7,7,0.0484
2025,5,7,3,0.2649
2025,5,7,2,0.2906
2025,5,7,9,0.2074
2025,11,5,1,0.1625
2025,11,5,16,0.1038
2025,11,5,7,0.2624
2025,11,5,2,0.184
2025,11,5,4,0.2873
2024,4,5,6,0.2322
2024,4,5,15,0.0631
2024,4,5,11,0.7047
2025,4,1,11,0.3239
2025,4,1,9,0.3216
2025,4,1,12,0.0324
2025,4,1,1,0.3221
2024,1,15,1,0.1232
2024,1,15,13,0.1523
2024,1,15,16,0.1168
2024,1,15,5,0.0944
2024,1,15,6,0.0541
2024,1,15,14,0.1596
2024,1,15,2,0.1476
2024,1,15,12,0.152
2024,8,17,14,0.1457
2024,8,17,1,0.1282
2024,8,17,16,0.05
2024,8,17,3,0.1692
2024,8,17,8,0.1381
2024,8,17,7,0.1819
2024,8,17,10,0.1108
2024,8,17,4,0.0761
2024,3,1,9,0.1383
2024,3,1,15,0.436
2024,3,1,16,0.0076
2024,3,1,6,0.2524
2024,3,1,7,0.1657
2025,11,1,9,0.2137
2025,11,1,13,0.2233
2025,11,1,1,0.1338
2025,11,1,7,0.0354
2025,11,1,10,0.2351
2025,11,1,5,0.1587
2025,9,5,4,0.325
2025,9,5,12,0.0457
2025,9,5,9,0.0484
2025,9,5,3,0.2349
2025,9,5,8,0.346
2024,11,17,13,0.9089
2024,11,17,1,0.0198
2024,11,17,6,0.0713
2025,2,20,11,0.1106
2025,2,20,6,0.2034
2025,2,20,8,0.1051
2025,2,20,1,0.2639
2025,2,20,9,0.2446
2025,2,20,3,0.0724
2025,9,18,10,0.2117
2025,9,18,2,0.2069
2025,9,18,5,0.1364
2025,9,18,14,0.1739
2025,9,18,12,0.1465
2025,9,18,3,0.0167
2025,9,18,16,0.0958
2025,9,18,13,0.0121
2025,11,16,4,0.2067
2025,11,16,16,0.3078
2025,11,16,8,0.2772
2025,11,16,11,0.1291
2025,11,16,9,0.0792
2025,5,18,15,0.2046
2025,5,18,1,0.1877
2025,5,18,5,0.0328
2025,5,18,3,0.0423
2025,5,18,14,0.2557
2025,5,18,2,0.0016
2025,5,18,7,0.2753
2024,12,17,3,0.2056
2024,12,17,8,0.0501
2024,12,17,11,0.0821
2024,12,17,1,0.1077
2024,12,17,13,0.1531
2024,12,17,7,0.0514
2024,12,17,9,0.1706
2024,12,17,2,0.1794
2024,11,8,14,0.0916
2024,11,8,12,0.3151
2024,11,8,2,0.2852
2024,11,8,11,0.1174
2024,11,8,1,0.0107
2024,11,8,6,0.18
2024,11,13,3,0.3994
2024,11,13,12,0.1596
2024,11,13,14,0.441
2025,3,16,1,0.0865
2025,3,16,16,0.1119
2025,3,16,8,0.139
2025,3,16,14,0.0312
2025,3,16,9,0.1903
2025,3,16,5,0.2804
2025,3,16,3,0.1468
2025,3,16,12,0.0139
2025,10,19,16,0.2529
2025,10,19,3,0.056
2025,10,19,12,0.2406
2025,10,19,2,0.0948
2025,10,19,10,0.2737
2025,10,19,15,0.082
2025,1,12,5,0.0854
2025,1,12,2,0.513
2025,1,12,6,0.4016
2025,12,9,16,0.2434
2025,12,9,9,0.0169
2025,12,9,4,0.1624
2025,12,9,14,0.1786
2025,12,9,7,0.0529
2025,12,9,8,0.2388
2025,12,9,5,0.107
2025,10,20,9,0.1517
2025,10,20,13,0.2176
2025,10,20,5,0.254
2025,10,20,12,0.1386
2025,10,20,8,0.0233
2025,10,20,11,0.1724
2025,10,20,7,0.0424
2025,4,4,5,0.216
2025,4,4,1,0.2499
2025,4,4,9,0.1569
2025,4,4,4,0.0432
2025,4,4,7,0.1427
2025,4,4,2,0.1913
2025,6,11,13,0.1937
2025,6,11,14,0.0544
2025,6,11,11,0.7519
2025,2,10,8,0.1876
2025,2,10,16,0.132
2025,2,10,1,0.0674
2025,2,10,4,0.083
2025,2,10,6,0.1905
2025,2,10,12,0.1596
2025,2,10,10,0.0923
2025,2,10,11,0.0876
2024,11,2,13,0.1039
2024,11,2,15,0.266
2024,11,2,16,0.0358
2024,11,2,6,0.097
2024,11,2,9,0.2644
2024,11,2,7,0.1013
2024,11,2,4,0.1316
2024,9,2,2,0.2723
2024,9,2,10,0.2304
2024,9,2,3,0.0384
2024,9,2,14,0.4589
2024,3,4,13,0.0146
2024,3,4,10,0.349
2024,3,4,5,0.6364
2024,11,18,7,0.1998
2024,11,18,14,0.1311
2024,11,18,11,0.0489
2024,11,18,9,0.2174
2024,11,18,8,0.2182
2024,11,18,2,0.1846
2024,10,11,1,0.3574
2024,10,11,7,0.3244
2024,10,11,15,0.3182
2025,4,10,8,0.2044
2025,4,10,1,0.0458
2025,4,10,13,0.5184
2025,4,10,15,0.2314
2025,1,20,14,0.0966
2025,1,20,1,0.1426
2025,1,20,12,0.2142
2025,1,20,9,0.0618
2025,1,20,10,0.0941
2025,1,20,11,0.201
2025,1,20,8,0.0718
2025,1,20,15,0.1179
2024,6,6,2,0.023
2024,6,6,11,0.1879
2024,6,6,14,0.0506
2024,6,6,6,0.2618
2024,6,6,12,0.2307
2024,6,6,9,0.0639
2024,6,6,4,0.1821
2024,3,14,12,0.262
2024,3,14,2,0.0132
2024,3,14,4,0.2555
2024,3,14,1,0.2205
2024,3,14,11,0.2488
2025,8,10,11,0.1917
2025,8,10,15,0.2814
2025,8,10,8,0.5269
2024,1,2,1,0.1199
2024,1,2,9,0.16
2024,1,2,5,0.1571
2024,1,2,3,0.2457
2024,1,2,8,0.1393
2024,1,2,14,0.1079
2024,1,2,16,0.0701
2025,10,5,12,0.5858
2025,10,5,16,0.2196
2025,10,5,3,0.1946
2025,12,3,2,0.117
2025,12,3,16,0.0373
2025,12,3,4,0.3706
2025,12,3,6,0.2558
2025,12,3,3,0.2193
2024,3,10,1,0.2581
2024,3,10,12,0.1634
2024,3,10,6,0.1815
2024,3,10,2,0.2303
2024,3,10,4,0.1667
2024,5,1,1,0.1818
2024,5,1,6,0.5685
2024,5,1,12,0.2497
2024,11,6,1,0.0823
2024,11,6,8,0.1441
2024,11,6,5,0.227
2024,11,6,11,0.0529
2024,11,6,16,0.1992
2024,11,6,14,0.0382
2024,11,6,6,0.1011
2024,11,6,2,0.1552
2024,2,15,9,0.074
2024,2,15,8,0.2067
2024,2,15,4,0.055
2024,2,15,16,0.1347
2024,2,15,15,0.31
2024,2,15,10,0.2196
2025,2,4,2,0.1643
2025,2,4,6,0.0556
2025,2,4,7,0.3102
2025,2,4,4,0.3171
2025,2,4,14,0.0761
2025,2,4,1,0.0767
2025,7,7,3,0.4319
2025,7,7,16,0.0304
2025,7,7,11,0.0969
2025,7,7,6,0.188
2025,7,7,9,0.2528
2024,5,12,14,0.2441
2024,5,12,5,0.4837
2024,5,12,4,0.0586
2024,5,12,7,0.2136
2025,5,20,11,0.1524
2025,5,20,12,0.0738
2025,5,20,10,0.1512
2025,5,20,13,0.117
2025,5,20,5,0.1989
2025,5,20,6,0.1836
2025,5,20,7,0.0765
2025,5,20,9,0.0466
2025,11,14,4,0.241
2025,11,14,9,0.074
2025,11,14,8,0.2079
2025,11,14,10,0.0143
2025,11,14,15,0.0612
2025,11,14,13,0.0868
2025,11,14,14,0.25
2025,11,14,7,0.0648
2024,3,13,8,0.185
2024,3,13,2,0.3677
2024,3,13,11,0.1552
2024,3,13,10,0.2921
2025,6,6,5,0.1692
2025,6,6,8,0.1192
2025,6,6,1,0.095
2025,6,6,16,0.0828
2025,6,6,14,0.1124
2025,6,6,12,0.102
2025,6,6,13,0.1771
2025,6,6,4,0.1423
2025,2,5,2,0.2186
2025,2,5,12,0.1806
2025,2,5,3,0.2839
2025,2,5,8,0.0604
2025,2,5,6,0.1501
2025,2,5,13,0.1064
2025,1,2,7,0.0811
2025,1,2,9,0.3563
2025,1,2,1,0.0174
2025,1,2,15,0.1858
2025,1,2,13,0.0377
2025,1,2,3,0.3217
2024,1,14,6,0.1175
2024,1,14,5,0.1699
2024,1,14,8,0.2992
2024,1,14,14,0.045
2024,1,14,1,0.001
2024,1,14,11,0.1645
2024,1,14,13,0.2029
2025,4,16,14,0.1559
2025,4,16,16,0.0163
2025,4,16,4,0.1018
2025,4,16,7,0.2276
2025,4,16,8,0.093
2025,4,16,9,0.0033
2025,4,16,3,0.1862
2025,4,16,11,0.2159
2024,5,9,3,0.2755
2024,5,9,15,0.0619
2024,5,9,16,0.0651
2024,5,9,8,0.2547
2024,5,9,10,0.1431
2024,5,9,1,0.1909
2024,5,9,5,0.0088
2025,8,8,3,0.0317
2025,8,8,11,0.1914
2025,8,8,8,0.2462
2025,8,8,10,0.3111
2025,8,8,16,0.1387
2025,8,8,12,0.068
2025,8,8,5,0.0129
2025,2,14,7,0.3211
2025,2,14,5,0.2738
2025,2,14,9,0.4051
2024,9,7,9,0.1624
2024,9,7,5,0.2673
2024,9,7,16,0.226
2024,9,7,8,0.0769
2024,9,7,14,0.2674
2025,5,9,7,0.1383
2025,5,9,5,0.1637
2025,5,9,16,0.3004
2025,5,9,13,0.3976
2025,12,13,5,0.1562
2025,12,13,7,0.096
2025,12,13,1,0.096
2025,12,13,3,0.1652
2025,12,13,2,0.0676
2025,12,13,4,0.0727
2025,12,13,12,0.1454
2025,12,13,9,0.2009
2024,7,15,10,0.2393
2024,7,15,4,0.0028
2024,7,15,11,0.2319
2024,7,15,1,0.1469
2024,7,15,9,0.0571
2024,7,15,8,0.322
2025,4,7,8,0.2331
2025,4,7,16,0.2774
2025,4,7,2,0.1673
2025,4,7,3,0.0073
2025,4,7,7,0.3149
2025,12,1,11,0.3169
2025,12,1,13,0.619
2025,12,1,6,0.0641
2025,4,20,15,0.1811
2025,4,20,4,0.1051
2025,4,20,12,0.0373
2025,4,20,2,0.1302
2025,4,20,5,0.1632
2025,4,20,3,0.2616
2025,4,20,13,0.0683
2025,4,20,8,0.0532
2025,1,4,16,0.3713
2025,1,4,9,0.5965
2025,1,4,3,0.0322
2024,3,15,16,0.2731
2024,3,15,7,0.1305
2024,3,15,15,0.0812
2024,3,15,3,0.2712
2024,3,15,1,0.075
2024,3,15,9,0.004
2024,3,15,5,0.034
2024,3,15,12,0.131
2025,7,4,14,0.2085
2025,7,4,7,0.1648
2025,7,4,3,0.2246
2025,7,4,2,0.2858
2025,7,4,10,0.1163
2024,3,11,11,0.4017
2024,3,11,15,0.0704
2024,3,11,6,0.1571
2024,3,11,16,0.3708
2024,9,15,15,0.0259
2024,9,15,3,0.219
2024,9,15,10,0.0639
2024,9,15,16,0.3397
2024,9,15,14,0.2232
2024,9,15,12,0.1283
2024,10,10,1,0.0698
2024,10,10,2,0.0501
2024,10,10,6,0.2197
2024,10,10,13,0.2842
2024,10,10,5,0.1707
2024,10,10,15,0.2055
2025,12,17,7,0.1616
2025,12,17,4,0.0424
2025,12,17,10,0.1103
2025,12,17,3,0.2714
2025,12,17,15,0.1303
2025,12,17,9,0.1543
2025,12,17,14,0.1297
2024,10,8,14,0.1195
2024,10,8,15,0.1481
2024,10,8,7,0.191
2024,10,8,2,0.0154
2024,10,8,1,0.2721
2024,10,8,4,0.0598
2024,10,8,6,0.1941
2024,9,10,10,0.394
2024,9,10,14,0.279
2024,9,10,13,0.327
2024,3,19,12,0.2034
2024,3,19,1,0.1021
2024,3,19,11,0.0706
2024,3,19,7,0.0966
2024,3,19,15,0.2048
2024,3,19,16,0.1448
2024,3,19,2,0.1073
2024,3,19,3,0.0704
2024,3,9,3,0.432
2024,3,9,1,0.3108
2024,3,9,15,0.2572
2025,6,5,11,0.022
2025,6,5,5,0.203
2025,6,5,6,0.1994
2025,6,5,15,0.196
2025,6,5,12,0.0299
2025,6,5,4,0.1687
2025,6,5,1,0.1126
2025,6,5,10,0.0684
2024,12,16,6,0.0739
2024,12,16,13,0.1466
2024,12,16,14,0.1239
2024,12,16,1,0.2028
2024,12,16,11,0.0994
2024,12,16,16,0.2021
2024,12,16,3,0.0429
2024,12,16,10,0.1084
2025,1,13,6,0.1535
2025,1,13,2,0.318
2025,1,13,7,0.1643
2025,1,13,14,0.3642
2024,2,2,15,0.2728
2024,2,2,1,0.3423
2024,2,2,11,0.3849
2025,4,14,4,0.0918
2025,4,14,14,0.6591
2025,4,14,8,0.2491
2024,9,1,5,0.1957
2024,9,1,6,0.1987
2024,9,1,1,0.1816
2024,9,1,14,0.0514
2024,9,1,7,0.062
2024,9,1,16,0.115
2024,9,1,3,0.0613
2024,9,1,10,0.1343
2025,2,17,5,0.4603
2025,2,17,15,0.0306
2025,2,17,7,0.161
2025,2,17,11,0.0969
2025,2,17,13,0.2512
2025,11,4,9,0.1265
2025,11,4,2,0.1744
2025,11,4,15,0.2182
2025,11,4,7,0.0478
2025,11,4,1,0.2085
2025,11,4,3,0.2246
2024,10,12,16,0.2023
2024,10,12,6,0.1235
2024,10,12,15,0.1619
2024,10,12,10,0.013
2024,10,12,11,0.1586
2024,10,12,9,0.1475
2024,10,12,8,0.1932
2025,8,6,6,0.3833
2025,8,6,13,0.0471
2025,8,6,4,0.4394
2025,8,6,1,0.1302
2025,3,14,1,0.2304
2025,3,14,15,0.3661
2025,3,14,11,0.2216
2025,3,14,4,0.1819
2025,9,14,9,0.1099
2025,9,14,5,0.0573
2025,9,14,11,0.1259
2025,9,14,13,0.0974
2025,9,14,15,0.1758
2025,9,14,4,0.1696
2025,9,14,14,0.1285
2025,9,14,3,0.1356
2025,6,4,2,0.1313
2025,6,4,5,0.1667
2025,6,4,14,0.0877
2025,6,4,8,0.1436
2025,6,4,13,0.144
2025,6,4,3,0.147
2025,6,4,15,0.0385
2025,6,4,7,0.1412
2025,1,18,1,0.2741
2025,1,18,7,0.3459
2025,1,18,8,0.38
2025,4,9,2,0.2574
2025,4,9,10,0.1697
2025,4,9,15,0.5729
2024,8,10,6,0.0493
2024,8,10,10,0.0483
2024,8,10,15,0.0475
2024,8,10,4,0.1334
2024,8,10,2,0.1308
2024,8,10,7,0.2268
2024,8,10,5,0.3639
2024,7,11,6,0.4787
2024,7,11,5,0.0014
2024,7,11,9,0.5199
2024,8,12,3,0.0703
2024,8,12,6,0.2089
2024,8,12,13,0.108
2024,8,12,9,0.1166
2024,8,12,12,0.2959
2024,8,12,5,0.2003
2025,6,20,10,0.0262
2025,6,20,4,0.4079
2025,6,20,5,0.3246
2025,6,20,14,0.2413
2024,5,20,14,0.1551
2024,5,20,16,0.6734
2024,5,20,11,0.1715
2025,7,13,10,0.3708
2025,7,13,4,0.3244
2025,7,13,6,0.1333
2025,7,13,8,0.1613
2025,7,13,9,0.0102
2024,5,8,7,0.0731
2024,5,8,12,0.2847
2024,5,8,15,0.3548
2024,5,8,2,0.0815
2024,5,8,3,0.1379
2024,5,8,9,0.068
2025,11,19,3,0.2443
2025,11,19,6,0.2024
2025,11,19,5,0.1451
2025,11,19,14,0.1553
2025,11,19,8,0.1178
2025,11,19,9,0.009
2025,11,19,11,0.008
2025,11,19,4,0.1181
2025,5,11,1,0.1183
2025,5,11,11,0.0478
2025,5,11,7,0.0681
2025,5,11,3,0.1751
2025,5,11,14,0.2034
2025,5,11,15,0.2634
2025,5,11,4,0.0347
2025,5,11,13,0.0892
2024,11,15,1,0.2997
2024,11,15,13,0.1457
2024,11,15,8,0.2801
2024,11,15,10,0.2745
2025,12,7,8,0.0457
2025,12,7,16,0.2718
2025,12,7,10,0.0534
2025,12,7,9,0.1649
2025,12,7,15,0.1217
2025,12,7,12,0.2336
2025,12,7,6,0.1089
2024,7,2,10,0.138
2024,7,2,6,0.4464
2024,7,2,5,0.4156
2025,12,20,8,0.1798
2025,12,20,9,0.1362
2025,12,20,6,0.05
2025,12,20,16,0.2061
2025,12,20,12,0.0343
2025,12,20,10,0.2737
2025,12,20,3,0.1199
2024,2,1,11,0.3122
2024,2,1,3,0.1991
2024,2,1,8,0.2715
2024,2,1,5,0.181
2024,2,1,14,0.0362
2024,10,9,11,0.0188
2024,10,9,12,0.1749
2024,10,9,4,0.1686
2024,10,9,14,0.2149
2024,10,9,13,0.0866
2024,10,9,2,0.1007
2024,10,9,8,0.0167
2024,10,9,15,0.2188
2024,4,12,4,0.044
2024,4,12,14,0.008
2024,4,12,8,0.008
2024,4,12,7,0.017
2024,4,12,6,0.1953
2024,4,12,11,0.1661
2024,4,12,1,0.2596
2024,4,12,3,0.302
2024,6,7,15,0.0696
2024,6,7,1,0.0721
2024,6,7,13,0.1875
2024,6,7,16,0.2953
2024,6,7,6,0.3755
2025,2,11,14,0.1785
2025,2,11,4,0.1679
2025,2,11,2,0.0771
2025,2,11,10,0.1203
2025,2,11,12,0.0343
2025,2,11,1,0.1119
2025,2,11,6,0.1275
2025,2,11,15,0.1825
2025,6,9,6,0.0502
2025,6,9,12,0.256
2025,6,9,14,0.1901
2025,6,9,8,0.1337
2025,6,9,5,0.0546
2025,6,9,11,0.0216
2025,6,9,7,0.2478
2025,6,9,3,0.046
2025,10,16,7,0.0132
2025,10,16,9,0.1628
2025,10,16,8,0.3017
2025,10,16,3,0.3669
2025,10,16,11,0.1554
2024,6,3,10,0.1475
2024,6,3,5,0.0705
2024,6,3,11,0.1516
2024,6,3,16,0.217
2024,6,3,15,0.1698
2024,6,3,2,0.1456
2024,6,3,13,0.0393
2024,6,3,7,0.0587
