position_id,verteilung_id,bundesland_id,anteil,erstellt_von_user_id,erstellt_am,geaendert_von_user_id,geaendert_am
1,1,15,0.064,1,2025-08-22 01:06:45,,2025-09-10 05:11:14
2,1,5,0.1725,10,2025-08-24 01:54:38,36,
3,1,6,0.1732,50,2025-08-02 19:17:17,,2025-01-20 09:39:26
4,1,4,0.009,11,2024-06-27 09:56:13,,2024-01-18 18:24:54
5,1,2,0.1132,68,2025-12-31 05:35:25,,
6,1,16,0.1618,29,2024-07-05 05:26:06,,
7,1,14,0.1767,23,2024-10-06 04:45:21,49,2025-05-09 23:40:57
8,1,10,0.1296,12,2024-10-09 03:20:00,27,2025-12-09 09:25:46
9,2,10,0.2798,43,2025-10-21 13:52:23,,2025-12-23 06:39:36
10,2,8,0.078,21,2025-02-11 08:53:37,,2025-09-20 15:46:14
11,2,4,0.249,73,2025-01-26 14:04:37,,
12,2,6,0.2111,6,2024-09-27 15:21:11,23,
13,2,7,0.1821,8,2024-12-19 19:52:02,71,2025-04-13 06:49:46
14,3,14,0.3107,64,2025-10-18 12:16:54,64,2025-07-31 18:41:40
15,3,11,0.1988,38,2024-04-25 08:24:19,,
16,3,2,0.1842,9,2025-11-24 00:20:21,,
17,3,1,0.3063,50,2025-02-04 08:51:22,,
18,4,11,0.1413,49,2025-05-19 10:47:33,,
19,4,1,0.2304,35,2024-06-20 16:57:35,12,2025-03-11 00:25:20
20,4,16,0.159,27,2024-07-22 22:11:08,,2024-08-24 08:55:31
21,4,9,0.022,5,2024-11-06 16:35:00,30,2025-08-07 16:31:10
22,4,2,0.4473,71,2025-05-23 14:15:23,13,2024-08-26 21:26:35
23,5,1,0.3296,49,2024-06-16 10:05:33,26,
24,5,8,0.0054,4,2025-05-18 00:52:21,65,
25,5,5,0.0729,38,2025-02-04 12:13:36,,2025-12-11 14:34:50
26,5,2,0.0714,19,2025-09-25 20:06:38,,
27,5,15,0.1358,72,2025-04-18 00:11:52,40,2024-04-13 05:01:38
28,5,16,0.3849,31,2024-03-16 16:31:42,22,
29,6,3,0.2204,13,2025-11-20 07:55:58,,
30,6,4,0.1211,51,2024-12-03 14:56:29,19,
31,6,5,0.2012,63,2024-03-04 09:57:59,32,2025-05-20 03:40:59
32,6,12,0.0768,18,2025-05-29 15:58:59,,2024-02-13 02:38:26
33,6,2,0.2054,28,2025-04-10 22:23:19,20,
34,6,8,0.1091,17,2024-01-21 18:33:08,33,
35,6,7,0.059,39,2024-09-28 23:10:16,,
36,6,16,0.007,49,2024-09-06 11:13:10,,
37,7,8,0.1583,33,2025-12-08 00:40:06,47,
38,7,16,0.0973,36,2025-03-07 03:35:04,31,2024-05-27 15:54:43
39,7,10,0.0671,61,2025-01-14 05:38:05,,2024-09-04 12:42:16
40,7,1,0.111,15,2024-10-11 00:44:29,,2025-12-06 02:32:07
41,7,6,0.1205,5,2024-06-10 12:35:13,,2025-05-06 02:44:02
42,7,9,0.4458,49,2024-01-15 09:48:41,,2024-10-25 02:20:23
43,8,13,0.2364,7,2025-06-26 07:24:01,,2025-05-21 15:56:43
44,8,10,0.1249,51,2025-05-09 04:28:17,,
45,8,11,0.195,8,2024-04-26 04:29:38,,2024-06-11 07:38:24
46,8,2,0.1044,56,2025-03-31 22:49:44,78,
47,8,1,0.281,59,2024-11-13 23:24:57,,
48,8,9,0.0403,31,2024-03-08 00:36:45,,
49,8,3,0.018,63,2024-07-30 04:05:47,26,2025-01-01 10:17:44
50,9,10,0.1556,59,2025-07-12 21:51:01,,
51,9,7,0.1918,68,2025-03-30 12:40:04,5,2025-08-16 18:57:23
52,9,5,0.3378,69,2025-04-12 03:52:01,54,2025-10-07 10:29:50
53,9,12,0.1582,80,2025-06-03 19:35:42,29,
54,9,15,0.1369,22,2025-08-11 18:05:33,,
55,9,8,0.0197,10,2024-02-14 08:24:09,,2024-12-05 05:21:02
56,10,12,0.1698,33,2025-09-05 05:13:19,,
57,10,1,0.2613,16,2025-11-10 19:46:48,,
58,10,16,0.2466,70,2025-06-09 11:06:57,,
59,10,11,0.0648,16,2025-10-28 15:31:23,68,2025-09-09 05:43:29
60,10,2,0.2575,6,2025-10-01 21:14:04,72,2024-05-01 08:58:45
61,11,5,0.2025,8,2025-12-27 05:29:39,,2024-07-24 09:16:25
62,11,6,0.0471,59,2025-04-18 14:01:41,,2024-11-19 13:31:47
63,11,8,0.0568,21,2024-08-19 04:42:42,57,
64,11,1,0.1355,78,2024-02-20 02:04:26,,
65,11,10,0.1318,4,2024-11-28 21:36:31,75,
66,11,12,0.3276,65,2024-12-29 12:27:15,6,
67,11,3,0.0987,33,2025-03-15 20:37:57,47,
68,12,5,0.0477,61,2024-09-11 13:37:50,27,
69,12,6,0.2384,80,2025-05-02 04:10:38,26,2024-06-06 15:33:43
70,12,11,0.2239,69,2025-05-26 13:57:27,1,
71,12,15,0.1395,6,2024-05-01 19:27:14,17,
72,12,3,0.1055,14,2025-05-21 11:42:09,,
73,12,1,0.2146,13,2024-02-02 17:41:56,,2024-01-23 21:35:50
74,12,4,0.0304,59,2024-05-25 07:50:21,37,
75,13,2,0.1003,8,2024-12-26 13:20:37,,2025-08-17 21:13:02
76,13,13,0.4625,45,2025-04-07 18:29:19,,
77,13,6,0.4372,51,2025-08-29 10:12:53,48,
78,14,11,0.4133,35,2025-12-12 19:40:49,,
79,14,4,0.2081,60,2025-01-29 14:14:28,41,2024-02-17 16:37:04
80,14,1,0.3786,55,2025-04-22 19:01:05,,2025-04-01 20:18:54
81,15,8,0.0231,43,2025-06-13 21:40:27,,
82,15,13,0.0948,70,2025-07-21 11:17:14,45,
83,15,1,0.1045,48,2025-06-19 17:22:26,67,2024-06-06 02:19:40
84,15,4,0.1743,59,2024-03-15 11:18:33,79,2025-06-09 17:33:38
85,15,9,0.1304,47,2024-08-01 11:21:41,5,
86,15,12,0.1532,58,2024-09-11 23:55:51,42,2025-12-16 05:23:41
87,15,5,0.1917,76,2025-10-22 20:14:24,51,
88,15,14,0.128,3,2024-07-23 11:30:23,64,
89,16,4,0.0096,29,2025-12-17 05:53:36,18,2025-05-01 03:05:04
90,16,12,0.0961,29,2025-02-24 12:36:48,,2025-03-08 12:37:45
91,16,1,0.1316,52,2024-03-03 19:39:37,,2025-01-06 16:38:57
92,16,6,0.2637,60,2025-09-20 19:55:43,,
93,16,14,0.2061,41,2024-02-25 04:09:07,,
94,16,8,0.0945,76,2025-03-12 20:20:59,,
95,16,2,0.1918,36,2025-04-23 10:37:16,,
96,16,11,0.0066,63,2024-04-03 23:24:42,74,2025-08-14 18:58:14
97,17,4,0.272,78,2025-01-02 13:11:53,,
98,17,15,0.1604,11,2025-05-01 11:43:08,,
99,17,5,0.1882,3,2024-05-05 14:59:37,,2024-12-16 20:22:16
100,17,16,0.104,75,2025-02-02 17:02:09,13,
101,17,9,0.0397,80,2024-08-05 03:25:35,32,2025-08-28 11:58:01
102,17,8,0.2357,80,2024-09-18 21:37:22,,
103,18,11,0.1713,75,2025-08-31 07:56:40,,2024-05-06 21:34:55
104,18,12,0.132,28,2025-02-04 20:31:23,12,
105,18,13,0.0467,62,2024-08-21 16:16:46,19,
106,18,6,0.1078,68,2025-02-20 08:24:00,20,2025-08-22 05:58:37
107,18,7,0.2105,37,2025-07-27 17:55:43,14,
108,18,8,0.0647,70,2025-01-10 15:48:56,,
109,18,15,0.2046,52,2024-07-29 01:32:51,,2025-12-10 05:10:03
110,18,14,0.0624,41,2025-03-31 20:41:53,,2025-01-06 19:12:18
111,19,8,0.3225,21,2024-07-18 23:28:04,,
112,19,16,0.3027,28,2024-02-03 08:12:38,16,
113,19,13,0.0376,6,2025-10-15 17:49:01,,
114,19,1,0.318,69,2024-02-04 06:17:50,17,
115,19,4,0.0192,1,2025-03-23 15:19:39,43,2024-07-19 18:00:14
116,20,13,0.0259,37,2025-11-05 18:40:25,,
117,20,16,0.0961,41,2024-05-15 09:22:44,,2025-03-29 17:16:26
118,20,6,0.0787,28,2024-11-22 21:55:30,20,2025-01-31 06:12:15
119,20,11,0.3675,25,2024-05-22 19:11:36,,2025-03-20 14:36:48
120,20,2,0.1635,34,2025-03-05 05:42:59,,
121,20,5,0.2683,28,2025-12-08 20:09:31,,
122,21,5,0.1818,4,2025-08-28 17:39:36,8,2024-09-12 17:23:16
123,21,10,0.3318,34,2025-02-05 09:06:26,,
124,21,13,0.224,79,2024-11-05 00:07:40,,2025-05-03 01:51:09
125,21,9,0.2624,70,2024-09-26 04:59:36,,2024-05-20 17:52:03
126,22,14,0.1344,23,2025-07-24 21:45:02,78,2025-10-26 21:42:16
127,22,1,0.0021,4,2025-02-23 11:33:39,,2024-12-06 05:32:58
128,22,6,0.1944,60,2025-10-14 16:09:42,21,
129,22,13,0.0531,5,2024-01-18 04:19:21,,
130,22,12,0.0679,1,2025-11-18 14:39:27,,
131,22,11,0.214,4,2025-01-18 02:50:18,,2024-10-05 02:33:12
132,22,2,0.126,20,2025-05-25 03:22:48,63,2025-07-04 11:11:53
133,22,10,0.2081,51,2024-05-24 00:05:29,30,2025-04-19 01:27:00
134,23,15,0.0369,60,2024-01-17 15:02:49,,2025-08-18 21:24:06
135,23,4,0.5313,45,2025-10-05 07:22:58,78,2024-01-09 16:15:01
136,23,9,0.2879,44,2024-02-13 08:16:33,,
137,23,1,0.1439,34,2025-03-08 23:34:34,,2025-05-23 19:10:13
138,24,3,0.2821,58,2025-05-10 08:14:04,63,2025-08-23 00:40:46
139,24,4,0.3172,45,2025-05-29 04:37:57,24,2025-04-16 05:20:57
140,24,6,0.2954,26,2024-01-18 11:30:21,67,
141,24,11,0.0563,79,2024-10-03 02:51:58,,
142,24,8,0.049,56,2024-12-20 19:57:04,49,
143,25,10,0.6004,38,2025-09-15 01:27:23,,
144,25,8,0.1107,12,2024-01-17 01:11:15,69,2025-12-03 16:50:15
145,25,7,0.2889,55,2024-03-03 09:31:34,77,2025-11-03 18:11:39
146,26,15,0.2275,27,2025-03-18 14:40:57,59,2024-12-16 02:28:26
147,26,9,0.0969,68,2025-12-02 17:23:16,47,
148,26,8,0.0871,18,2025-01-21 14:30:23,,2025-08-20 12:58:46
149,26,13,0.2993,44,2024-08-09 12:58:18,,2024-06-30 05:50:16
150,26,4,0.2892,11,2025-11-02 03:18:39,,
151,27,10,0.2916,14,2024-06-12 08:40:30,1,2025-08-27 11:26:29
152,27,8,0.1918,61,2025-08-15 09:38:28,6,
153,27,4,0.1224,19,2025-05-25 18:28:41,51,
154,27,2,0.066,26,2025-05-31 01:02:16,,2025-04-26 11:18:28
155,27,11,0.1508,7,2024-09-06 22:47:28,49,2024-12-28 01:38:09
156,27,13,0.1774,25,2024-12-12 16:49:04,,2024-07-05 11:04:33
157,28,1,0.135,45,2024-09-06 17:22:58,25,2024-08-29 08:27:45
158,28,16,0.0112,65,2025-06-16 12:44:49,43,
159,28,9,0.0734,21,2024-04-24 01:39:26,,2025-09-15 19:20:16
160,28,11,0.1643,12,2025-05-25 18:28:27,21,
161,28,14,0.1166,61,2025-12-05 23:30:11,,
162,28,10,0.181,23,2025-04-24 03:59:33,26,2025-08-20 14:32:23
163,28,5,0.219,50,2024-04-10 01:53:39,,
164,28,4,0.0995,29,2024-09-13 10:55:26,38,2025-08-16 22:08:39
165,29,1,0.2405,32,2024-09-24 01:42:20,,
166,29,9,0.1363,4,2025-09-28 08:30:16,70,2025-02-04 10:46:00
167,29,15,0.1665,70,2025-12-03 15:43:35,58,2025-06-29 17:33:05
168,29,16,0.2014,7,2025-06-25 18:20:01,26,2025-05-02 15:43:44
169,29,11,0.1799,34,2025-08-12 19:58:18,24,2025-03-09 09:18:25
170,29,5,0.0754,71,2024-10-17 04:37:09,25,2024-02-06 07:42:08
171,30,6,0.0265,2,2025-11-09 06:26:13,20,2024-12-16 14:19:05
172,30,9,0.0827,69,2025-05-09 05:43:39,,
173,30,15,0.279,66,2024-11-23 12:27:52,,2025-10-14 23:52:11
174,30,13,0.0137,55,2025-01-23 12:44:34,22,
175,30,3,0.3785,11,2024-01-20 00:33:03,,2025-01-13 18:15:55
176,30,7,0.2196,14,2025-06-29 10:00:16,,
177,31,14,0.4117,22,2025-06-18 01:15:17,29,
178,31,16,0.3068,48,2025-03-01 01:18:04,,2024-03-27 13:15:57
179,31,4,0.1473,65,2024-07-27 13:51:25,11,
180,31,2,0.1342,3,2024-11-25 14:24:33,,2024-05-30 07:38:18
181,32,5,0.1835,39,2025-09-27 07:42:51,42,2025-02-21 02:43:07
182,32,13,0.3514,39,2025-04-10 20:56:11,,
183,32,3,0.1078,30,2025-07-20 04:02:14,,2024-04-05 05:18:57
184,32,10,0.0024,8,2024-01-11 07:14:06,,2024-11-09 12:42:52
185,32,12,0.0809,51,2024-01-02 02:46:17,50,
186,32,4,0.274,41,2024-03-21 17:36:39,,2024-06-13 09:01:32
187,33,8,0.1363,60,2024-09-20 16:00:06,75,
188,33,5,0.071,62,2025-06-23 11:34:10,38,2024-03-07 15:29:21
189,33,10,0.0515,17,2025-05-22 10:36:52,6,
190,33,2,0.1328,12,2025-03-12 14:47:13,13,2025-01-19 16:03:11
191,33,11,0.1561,13,2024-03-27 09:16:59,39,
192,33,13,0.2711,18,2024-04-09 04:45:20,,
193,33,7,0.1545,57,2025-08-29 03:39:34,,2024-06-16 09:13:18
194,33,15,0.0267,14,2024-06-12 22:30:58,24,2025-03-18 02:00:32
195,34,16,0.0848,52,2024-10-22 07:04:22,20,2024-04-01 03:53:29
196,34,11,0.2561,67,2025-10-27 19:09:35,,
197,34,3,0.3656,14,2024-04-28 07:55:17,,
198,34,12,0.2935,1,2024-07-31 04:47:22,,2024-04-03 10:19:49
199,35,3,0.1404,73,2025-06-30 14:16:04,,
200,35,6,0.1938,68,2024-05-25 10:16:16,73,
201,35,15,0.0958,13,2024-08-15 21:19:13,,2024-11-04 10:44:18
202,35,4,0.3587,59,2025-04-27 02:16:27,45,2025-02-27 17:36:30
203,35,11,0.034,54,2025-05-16 09:23:42,,2025-03-24 07:27:37
204,35,10,0.1529,55,2025-06-14 22:36:52,,2024-12-01 05:14:51
205,35,16,0.0244,30,2024-08-09 17:02:50,,2025-12-17 13:16:24
206,36,8,0.1831,48,2025-09-01 12:16:46,25,
207,36,4,0.5381,17,2025-01-10 13:01:32,,2024-02-29 00:40:48
208,36,9,0.2788,11,2025-06-10 21:59:37,36,2024-05-19 22:22:03
209,37,15,0.2011,43,2024-01-29 20:54:43,,
210,37,7,0.0048,20,2024-01-04 15:01:57,44,2025-05-03 16:34:54
211,37,1,0.0538,54,2024-04-15 04:24:21,30,2024-04-07 20:02:27
212,37,3,0.3072,62,2025-12-08 18:03:54,,
213,37,9,0.2307,26,2024-09-24 22:24:13,66,
214,37,8,0.1785,58,2024-03-31 04:03:34,75,2025-12-22 02:31:34
215,37,5,0.0239,15,2025-03-20 09:41:50,,2024-12-07 17:27:14
216,38,1,0.2186,10,2025-06-21 23:21:23,79,
217,38,4,0.0339,2,2024-01-31 21:40:14,,2024-03-20 14:44:21
218,38,10,0.2414,58,2024-11-01 08:46:53,,
219,38,2,0.3042,1,2025-11-27 03:46:13,,
220,38,7,0.2019,51,2025-05-20 13:13:06,35,2025-02-06 23:22:20
221,39,8,0.1385,69,2024-12-14 08:08:01,,2024-10-06 01:58:22
222,39,10,0.1464,53,2025-12-03 06:31:48,74,2024-04-19 11:22:09
223,39,11,0.1143,68,2024-04-17 22:46:58,,
224,39,9,0.1313,56,2024-08-27 10:28:49,24,2025-06-21 09:07:51
225,39,6,0.142,36,2025-06-23 08:45:49,,
226,39,14,0.1166,54,2024-07-28 04:23:50,17,2024-04-27 13:04:30
227,39,15,0.1158,40,2025-08-29 16:47:18,,2024-02-12 20:16:17
228,39,4,0.0951,13,2024-11-26 02:00:37,25,2024-01-21 02:40:35
229,40,4,0.08,38,2024-02-09 07:34:32,,2024-05-26 21:13:42
230,40,5,0.2093,61,2025-04-27 17:28:38,72,
231,40,7,0.1067,31,2025-12-30 03:36:42,,
232,40,10,0.1307,45,2024-10-06 06:18:12,72,2024-07-04 18:34:49
233,40,6,0.0376,78,2025-09-20 05:28:27,,
234,40,16,0.2394,40,2025-01-02 10:04:06,65,
235,40,13,0.1963,55,2025-06-19 05:40:47,51,2025-01-06 12:45:47
236,41,15,0.3297,71,2025-01-11 09:25:50,37,2025-09-27 13:59:13
237,41,3,0.5615,73,2025-11-28 03:21:07,45,2024-02-20 20:45:06
238,41,11,0.1088,43,2024-05-03 18:13:52,,
239,42,3,0.2812,25,2025-10-12 14:41:45,35,
240,42,6,0.1337,60,2024-08-11 02:59:11,47,2025-10-28 00:51:27
241,42,7,0.1901,38,2025-02-17 17:28:03,49,
242,42,13,0.0222,24,2025-01-07 05:01:05,6,
243,42,11,0.1981,44,2025-01-11 05:49:40,49,
244,42,16,0.1327,23,2024-08-12 08:27:48,18,2024-03-06 10:26:34
245,42,4,0.0129,41,2024-12-21 19:12:15,1,
246,42,1,0.0291,59,2024-10-27 01:52:38,43,2024-01-02 11:54:01
247,43,3,0.0264,57,2024-07-07 14:25:08,48,2024-01-21 04:51:31
248,43,14,0.247,49,2025-11-28 10:10:30,34,
249,43,16,0.2167,69,2024-02-12 05:21:03,14,2024-11-28 00:01:26
250,43,9,0.0093,75,2025-06-16 23:38:24,8,2025-04-15 11:28:06
251,43,1,0.1409,73,2025-02-16 18:29:39,48,
252,43,5,0.19,63,2024-06-14 03:37:10,,2024-06-11 17:58:05
253,43,11,0.0321,62,2024-09-15 21:10:23,,
254,43,8,0.1376,29,2024-12-07 08:17:55,10,2025-12-01 09:42:58
255,44,11,0.1851,74,2024-04-12 13:14:21,,2024-08-30 21:24:40
256,44,7,0.3314,48,2025-06-03 21:50:00,58,
257,44,3,0.1447,12,2025-02-20 18:54:00,,
258,44,4,0.0239,50,2025-04-13 12:48:37,4,
259,44,8,0.3149,50,2024-01-24 00:04:09,73,
260,45,15,0.2566,5,2025-04-24 23:50:35,7,
261,45,8,0.3553,29,2024-03-14 09:25:46,73,2025-10-26 07:00:36
262,45,7,0.0686,21,2025-10-28 22:28:48,,
263,45,1,0.3195,32,2025-09-01 06:19:57,32,
264,46,11,0.1029,62,2025-06-07 18:15:52,,
265,46,16,0.1866,4,2024-02-14 02:34:36,22,2025-08-03 11:35:23
266,46,2,0.0705,13,2024-01-29 16:51:51,42,2024-05-15 19:08:35
267,46,12,0.1686,34,2025-07-10 05:23:03,20,2024-03-09 18:37:01
268,46,4,0.1434,3,2025-06-20 13:19:03,,
269,46,7,0.0606,79,2025-10-06 07:26:00,,
270,46,9,0.053,46,2024-11-20 08:03:12,29,2025-06-26 05:40:21
271,46,1,0.2144,8,2024-07-13 01:27:52,,
272,47,8,0.1781,57,2024-07-26 09:53:11,,
273,47,11,0.0366,10,2025-05-12 20:03:51,,2024-02-23 14:26:27
274,47,4,0.368,45,2024-12-23 10:49:04,39,
275,47,16,0.1165,13,2024-08-26 18:14:58,27,2025-04-15 03:40:11
276,47,12,0.0947,80,2025-05-02 10:27:03,45,
277,47,6,0.2061,79,2025-08-21 07:49:55,,2025-10-24 02:16:02
278,48,16,0.2663,49,2025-06-08 04:01:53,35,2025-01-01 00:17:21
279,48,15,0.107,29,2024-03-03 12:39:40,,
280,48,9,0.1313,19,2025-01-27 03:49:55,,
281,48,6,0.0904,29,2024-01-12 03:40:15,43,2024-01-02 10:43:34
282,48,10,0.0285,8,2025-09-28 21:23:10,53,
283,48,3,0.3765,40,2024-07-24 04:14:06,4,2025-07-17 13:15:17
284,49,7,0.085,63,2025-11-21 19:11:14,47,
285,49,8,0.2767,63,2025-08-24 20:57:38,,2024-05-24 22:40:14
286,49,5,0.442,20,2024-04-14 13:23:57,10,
287,49,14,0.0168,44,2024-02-05 09:18:05,24,2025-09-14 15:08:01
288,49,9,0.0583,76,2025-06-10 14:02:00,,2024-09-13 03:00:26
289,49,10,0.1193,54,2024-04-29 14:25:49,,
290,49,3,0.0019,10,2024-05-01 20:37:10,52,
291,50,13,0.0477,12,2024-05-31 06:30:37,,2024-05-29 21:18:09
292,50,8,0.1899,47,2024-01-12 23:15:51,,2025-11-10 11:16:50
293,50,11,0.2048,78,2024-09-02 11:15:17,,2025-01-31 08:32:27
294,50,1,0.2448,45,2025-08-29 14:37:31,56,2025-09-16 02:45:11
295,50,3,0.3128,30,2025-11-05 03:38:55,,2024-06-27 23:54:44
296,51,3,0.1236,30,2025-03-13 19:35:39,49,
297,51,15,0.1159,65,2025-01-05 06:56:39,,
298,51,7,0.2154,38,2025-11-11 02:58:26,,
299,51,13,0.1661,12,2024-09-24 09:10:44,,2024-08-21 05:59:47
300,51,2,0.0007,51,2024-12-20 17:16:17,30,2024-08-30 06:15:55
301,51,1,0.2351,17,2024-07-12 13:16:57,,2025-11-28 07:24:12
302,51,4,0.1432,75,2024-06-15 20:08:05,4,2025-11-11 16:29:44
303,52,1,0.1447,3,2025-08-26 15:14:19,11,
304,52,5,0.1947,56,2025-10-03 16:11:48,9,2025-12-24 00:30:37
305,52,4,0.2221,24,2024-12-02 02:30:45,14,2025-08-06 18:40:29
306,52,8,0.1214,71,2025-03-07 06:54:40,,
307,52,15,0.0889,66,2025-08-24 16:12:28,38,
308,52,2,0.0756,12,2025-05-21 19:06:01,2,
309,52,3,0.0285,42,2025-08-06 05:54:56,,
310,52,7,0.1241,53,2024-05-25 10:18:22,39,
311,53,15,0.3521,51,2025-12-23 22:39:13,14,
312,53,16,0.3446,7,2025-01-24 07:58:42,,2025-09-01 04:33:13
313,53,1,0.3033,25,2025-10-21 10:00:30,40,
314,54,7,0.1196,4,2025-01-07 23:06:16,3,
315,54,11,0.2843,74,2024-10-20 17:09:29,,2024-08-16 18:23:05
316,54,2,0.1557,69,2024-09-24 08:46:04,,
317,54,4,0.4404,8,2024-12-15 00:00:47,,2024-04-18 20:20:30
318,55,10,0.3441,45,2024-10-06 13:23:19,,2024-03-10 13:53:26
319,55,3,0.1565,11,2025-07-19 04:42:47,8,2024-05-15 20:44:30
320,55,6,0.1738,67,2024-10-04 11:14:54,,
321,55,1,0.1415,28,2024-09-26 13:23:55,10,
322,55,2,0.1841,34,2024-04-17 19:05:26,38,
323,56,13,0.142,26,2024-09-14 18:22:35,23,2025-05-04 21:00:30
324,56,4,0.1381,36,2025-01-30 07:00:53,37,
325,56,11,0.1388,73,2024-11-17 06:27:43,27,
326,56,3,0.1563,27,2025-03-08 23:35:53,,2025-02-24 14:11:59
327,56,9,0.1625,53,2024-09-08 11:34:28,38,2024-02-16 09:53:05
328,56,2,0.0817,32,2025-12-31 16:26:32,,2025-07-27 02:44:22
329,56,1,0.1806,42,2024-10-25 09:31:09,,
330,57,11,0.2694,56,2025-11-12 00:45:45,,2025-11-10 12:25:49
331,57,8,0.4121,68,2025-02-23 21:38:05,,
332,57,4,0.1223,8,2024-10-06 16:33:34,,
333,57,9,0.0219,67,2024-01-20 00:09:17,27,
334,57,12,0.1743,64,2025-07-16 21:43:10,,2025-07-15 19:12:21
335,58,14,0.3747,57,2024-11-27 00:55:10,48,2025-01-27 11:05:42
336,58,15,0.1846,79,2025-08-15 00:31:50,28,
337,58,7,0.4407,32,2024-10-25 15:52:58,,2025-04-07 18:45:37
338,59,3,0.0057,37,2024-07-26 16:11:59,66,2025-12-13 01:42:31
339,59,11,0.1903,63,2025-01-24 02:38:41,41,
340,59,6,0.0806,19,2025-01-05 11:03:16,,
341,59,4,0.1905,38,2025-02-11 21:22:48,,
342,59,2,0.1035,34,2024-05-10 08:05:21,57,2025-08-29 01:59:47
343,59,8,0.1272,13,2025-05-25 23:04:28,46,2024-10-12 11:39:41
344,59,7,0.162,55,2024-11-07 08:30:14,35,2025-12-31 07:12:50
345,59,10,0.1402,60,2024-08-28 16:34:45,,
346,60,7,0.2631,50,2025-11-10 11:18:41,45,2024-03-02 01:41:11
347,60,4,0.296,19,2025-01-31 05:53:22,43,
348,60,13,0.0996,13,2025-01-02 08:53:24,,2024-02-17 07:27:31
349,60,12,0.1009,69,2024-03-27 15:45:19,16,2024-10-28 13:27:59
350,60,16,0.2404,63,2024-06-23 02:43:17,,2024-07-03 11:01:25
351,61,13,0.1399,38,2024-02-04 22:09:16,,
352,61,16,0.569,31,2024-02-09 19:46:37,7,2025-10-26 00:58:00
353,61,1,0.1327,3,2024-02-11 17:59:13,9,
354,61,7,0.0157,80,2024-05-16 12:15:30,,2024-09-10 18:41:48
355,61,9,0.1427,53,2024-09-23 17:31:26,,2025-06-25 08:43:21
356,62,6,0.1475,37,2024-09-30 16:17:31,,
357,62,14,0.0946,64,2024-07-21 21:00:09,,
358,62,11,0.0126,39,2024-11-10 17:39:05,,
359,62,5,0.1767,17,2025-05-12 22:29:35,,2025-08-20 03:17:46
360,62,10,0.2145,78,2024-07-24 20:19:02,56,
361,62,12,0.1821,26,2024-09-21 12:43:13,,2025-12-02 04:06:50
362,62,7,0.172,18,2025-10-21 01:22:12,13,
363,63,15,0.0297,51,2024-07-12 15:46:34,,2024-11-19 08:09:20
364,63,13,0.1754,68,2024-07-04 09:06:29,79,
365,63,6,0.0529,31,2024-08-09 22:05:53,,
366,63,9,0.2691,39,2024-12-11 10:15:10,,
367,63,16,0.2572,67,2025-04-27 21:24:16,,
368,63,1,0.1444,62,2025-01-30 21:46:50,54,2024-03-24 16:06:22
369,63,5,0.0713,4,2024-09-28 04:06:20,2,
370,64,5,0.1792,78,2024-04-15 19:32:25,64,2024-07-25 15:48:02
371,64,13,0.4168,23,2025-03-30 08:32:31,,2025-04-26 03:22:54
372,64,12,0.404,75,2024-07-25 05:22:38,,2025-05-24 05:48:51
373,65,2,0.0897,43,2025-05-08 13:21:47,,2024-04-11 00:21:32
374,65,14,0.0095,14,2025-05-01 18:06:34,5,2025-08-12 04:54:37
375,65,3,0.2783,54,2025-01-30 03:17:46,64,2025-04-07 07:58:58
376,65,15,0.1254,22,2024-08-10 06:20:17,24,2024-03-24 16:51:00
377,65,11,0.0927,72,2024-08-11 13:29:59,,2025-10-16 08:25:05
378,65,10,0.4044,76,2024-12-19 12:04:35,,2025-11-18 12:55:37
379,66,6,0.1229,6,2024-01-05 16:50:09,,2025-05-26 01:02:28
380,66,2,0.1209,72,2024-08-10 15:26:33,,
381,66,13,0.1863,40,2025-09-27 13:27:53,40,2024-07-01 11:39:38
382,66,4,0.0963,45,2024-04-01 20:37:23,,
383,66,5,0.0694,34,2025-06-19 11:58:49,23,
384,66,16,0.0785,68,2025-06-27 01:05:44,,2024-09-03 05:12:10
385,66,11,0.1726,20,2024-08-29 20:19:28,,2025-03-17 22:36:33
386,66,8,0.1531,49,2024-10-15 20:18:04,5,
387,67,5,0.2583,18,2024-01-28 08:39:59,55,2025-10-04 02:35:09
388,67,4,0.0956,57,2024-09-12 11:53:58,17,
389,67,1,0.237,62,2025-06-01 13:49:17,,2025-02-25 00:13:55
390,67,7,0.2676,27,2025-08-01 19:20:09,31,2025-09-02 15:23:13
391,67,11,0.1213,29,2024-10-26 12:47:33,,
392,67,15,0.0202,14,2024-06-13 16:07:09,,2024-01-22 04:49:37
393,68,12,0.1324,24,2025-08-17 07:26:46,,2024-02-27 21:17:35
394,68,2,0.1316,44,2024-06-01 02:27:16,79,
395,68,13,0.1034,67,2025-01-09 16:15:40,10,2024-03-24 10:21:19
396,68,1,0.1325,13,2024-02-01 08:35:13,76,2024-09-21 08:10:03
397,68,5,0.0984,17,2024-11-27 23:17:56,35,2025-10-02 03:54:07
398,68,15,0.158,72,2025-04-13 15:24:10,4,2025-07-30 05:54:45
399,68,4,0.1888,60,2025-12-07 10:32:58,79,
400,68,7,0.0549,51,2024-09-17 02:18:14,15,2024-08-14 19:04:36
401,69,5,0.3474,52,2025-05-18 21:45:41,,
402,69,16,0.1979,29,2024-03-23 06:11:55,80,
403,69,14,0.0722,35,2025-10-24 08:24:47,15,2024-05-31 22:26:28
404,69,10,0.3825,1,2024-02-21 00:12:30,76,2025-11-26 01:23:23
405,70,11,0.3305,33,2025-02-09 21:30:34,,2024-06-10 05:27:33
406,70,13,0.0123,14,2024-03-22 03:03:04,24,
407,70,8,0.247,80,2025-04-03 16:25:40,58,
408,70,10,0.1366,57,2024-11-01 22:51:23,40,2024-01-26 22:06:01
409,70,2,0.2736,33,2025-05-18 13:47:27,43,2024-10-15 15:22:59
410,71,9,0.246,34,2024-04-03 16:37:53,33,
411,71,15,0.3238,60,2024-06-02 15:41:52,46,
412,71,5,0.0608,55,2025-02-19 09:42:42,,2025-09-06 09:47:50
413,71,4,0.3694,44,2025-05-15 22:31:04,,
414,72,13,0.1077,24,2024-12-08 10:29:28,6,
415,72,10,0.1349,17,2025-10-26 11:46:21,,2024-09-24 02:32:15
416,72,5,0.2124,39,2025-11-10 09:19:22,,2025-08-01 16:09:27
417,72,2,0.1444,52,2024-10-09 16:55:43,62,
418,72,4,0.2331,79,2025-05-23 17:14:53,,
419,72,11,0.1675,52,2025-04-24 02:44:22,56,2025-03-11 10:11:25
420,73,13,0.1342,67,2024-09-27 11:57:34,51,2025-10-28 18:49:57
421,73,10,0.1787,43,2024-09-09 23:20:42,36,2025-06-18 17:21:40
422,73,14,0.0249,15,2025-03-13 22:53:18,11,2025-02-23 01:01:10
423,73,1,0.3019,53,2024-08-05 00:33:36,,
424,73,9,0.0387,76,2024-05-07 00:27:29,,2025-04-07 21:06:32
425,73,8,0.2192,23,2024-05-18 09:13:28,73,2024-07-24 14:53:57
426,73,12,0.1024,9,2025-03-22 12:17:14,18,
427,74,10,0.3954,62,2025-02-11 09:13:13,60,2025-06-28 11:19:05
428,74,16,0.4547,48,2025-12-30 12:05:28,,
429,74,1,0.1499,10,2024-03-21 03:38:47,,
430,75,6,0.1607,60,2025-05-31 15:41:39,,2025-06-14 14:55:29
431,75,8,0.121,14,2024-05-28 07:36:48,,
432,75,1,0.3223,32,2024-07-10 04:35:10,80,2024-05-06 14:13:52
433,75,15,0.2132,48,2025-11-18 00:19:43,50,2024-01-25 12:52:18
434,75,3,0.1828,19,2025-12-24 03:59:21,65,2025-11-24 00:56:11
435,76,11,0.5644,71,2025-05-18 01:45:29,,2025-11-24 07:53:28
436,76,5,0.1113,39,2024-04-27 21:00:45,66,2025-09-07 19:25:44
437,76,8,0.3243,42,2024-08-12 07:49:35,18,2025-08-30 04:22:00
438,77,15,0.7023,34,2024-02-29 11:07:30,,
439,77,6,0.1979,59,2025-04-23 11:02:53,,
440,77,2,0.0998,4,2025-06-02 15:26:57,29,2024-06-08 02:42:42
441,78,13,0.1941,42,2025-04-22 07:56:24,11,
442,78,16,0.3489,1,2024-12-23 11:57:15,29,2025-05-01 19:47:01
443,78,1,0.3343,3,2025-10-19 23:56:27,,
444,78,4,0.011,46,2025-11-22 14:30:23,46,2025-08-25 19:37:54
445,78,8,0.1117,57,2024-12-24 20:38:31,23,2025-06-22 17:51:56
446,79,4,0.1926,34,2025-07-12 07:24:55,,
447,79,11,0.1731,43,2024-03-08 16:03:46,,2025-01-21 12:11:36
448,79,1,0.0002,68,2024-03-03 21:35:11,,
449,79,9,0.2593,6,2025-02-07 17:49:04,,
450,79,15,0.1291,63,2024-01-05 12:16:54,,2024-10-06 19:55:54
451,79,12,0.0383,54,2025-10-30 13:36:42,21,
452,79,6,0.2074,54,2024-03-24 20:13:56,,2025-12-10 19:46:16
453,80,7,0.17,40,2025-07-08 10:43:28,,2025-06-09 09:57:58
454,80,14,0.0794,69,2025-06-22 16:35:26,20,2024-10-21 04:04:11
455,80,13,0.1075,59,2024-10-20 03:46:15,42,2025-07-10 05:54:40
456,80,10,0.175,67,2024-12-08 21:54:20,18,
457,80,11,0.1743,39,2025-06-25 11:33:40,,2024-05-26 21:44:15
458,80,3,0.1215,15,2025-08-31 18:36:39,52,2024-04-22 03:53:00
459,80,6,0.0535,29,2024-12-23 21:37:51,,2024-01-26 09:45:15
460,80,16,0.1188,70,2024-08-16 18:06:10,54,2025-02-03 20:08:24
461,81,8,0.1826,32,2025-12-31 18:25:06,55,2025-02-16 12:12:49
462,81,2,0.0639,16,2025-09-27 07:11:53,12,2024-04-21 00:22:18
463,81,13,0.1432,23,2024-05-30 10:23:51,3,
464,81,16,0.1549,59,2024-10-21 09:25:17,1,2025-02-23 07:09:17
465,81,14,0.2696,56,2024-02-10 01:55:49,80,2024-09-09 00:19:29
466,81,15,0.1858,6,2025-10-06 12:59:54,,2025-09-06 04:58:34
467,82,13,0.4073,64,2024-07-24 01:29:35,62,
468,82,15,0.3919,69,2025-02-27 16:55:48,,2025-02-26 19:03:21
469,82,4,0.2008,31,2025-04-29 10:59:16,53,
470,83,4,0.0913,26,2024-01-02 23:04:41,,2024-06-15 11:50:30
471,83,16,0.2468,45,2025-11-03 16:41:03,30,2024-06-09 02:55:08
472,83,1,0.1553,78,2025-04-05 16:41:39,27,2024-04-29 03:39:52
473,83,15,0.0913,37,2025-02-07 17:10:07,,
474,83,3,0.1838,70,2024-09-14 17:57:34,45,2025-09-05 16:44:12
475,83,7,0.1212,23,2025-04-13 20:11:42,,2025-03-16 07:15:01
476,83,12,0.1103,17,2024-04-30 14:04:39,,2024-08-25 13:45:15
477,84,16,0.0725,33,2024-12-06 14:01:59,,2024-06-08 10:10:42
478,84,8,0.0956,47,2024-03-18 04:14:03,55,2024-12-20 21:28:28
479,84,1,0.3103,17,2024-07-19 14:56:39,,
480,84,13,0.2585,37,2024-06-22 11:34:32,46,2025-03-04 03:25:36
481,84,6,0.2631,70,2025-06-15 15:06:20,,
482,85,11,0.2131,69,2024-11-18 19:49:42,5,
483,85,5,0.0271,16,2025-03-21 09:43:50,,2025-07-15 10:04:57
484,85,2,0.303,50,2025-08-20 19:24:07,78,2025-06-20 23:54:39
485,85,3,0.0176,2,2024-07-29 17:28:29,,2025-12-18 20:20:38
486,85,14,0.0427,25,2024-12-31 07:33:53,,
487,85,16,0.099,47,2024-07-15 10:16:39,,
488,85,8,0.2975,32,2025-04-14 11:53:44,47,2025-03-05 22:57:49
489,86,9,0.1883,40,2024-06-08 14:41:07,,
490,86,15,0.3242,14,2025-05-08 21:23:32,65,2025-07-05 01:45:18
491,86,16,0.2792,63,2024-08-25 11:54:04,45,
492,86,3,0.2083,55,2025-08-25 09:17:35,48,2024-01-27 00:08:28
493,87,12,0.369,46,2025-01-07 19:08:42,38,
494,87,4,0.0248,40,2024-10-30 06:14:54,,2025-02-03 18:48:17
495,87,14,0.6062,53,2025-06-25 13:32:30,,2024-08-24 10:48:14
496,88,14,0.251,14,2025-02-05 09:28:02,37,2024-03-25 18:48:53
497,88,10,0.1627,34,2025-02-18 03:49:11,17,2025-08-21 19:43:44
498,88,7,0.2372,13,2025-03-28 06:54:51,,2024-04-14 23:38:35
499,88,15,0.0509,14,2024-06-13 20:20:17,,2025-05-31 20:43:31
500,88,1,0.2126,75,2025-07-09 14:42:10,,
501,88,12,0.0856,14,2025-01-27 17:53:06,,2024-01-07 12:27:30
502,89,1,0.1825,5,2024-11-20 14:26:34,77,2025-03-28 13:39:42
503,89,5,0.2055,13,2024-03-04 07:11:20,75,
504,89,2,0.1067,38,2024-10-30 16:03:58,6,
505,89,6,0.3205,60,2025-05-05 18:35:59,,
506,89,11,0.1848,29,2025-07-26 16:25:57,,2025-06-27 11:41:39
507,90,14,0.2139,73,2024-03-11 10:25:25,,2024-04-23 11:38:52
508,90,16,0.1914,11,2025-06-28 04:20:10,15,
509,90,2,0.2213,22,2025-12-17 12:57:39,40,
510,90,11,0.1952,74,2025-02-12 21:38:00,69,
511,90,3,0.0519,65,2025-05-31 18:08:09,,
512,90,8,0.0635,31,2025-01-08 05:26:00,34,2025-05-30 02:14:48
513,90,13,0.0628,41,2025-09-17 09:31:19,31,2025-08-15 18:13:31
514,91,14,0.013,67,2024-12-22 19:56:56,,2025-07-23 18:16:38
515,91,16,0.3576,33,2024-10-24 13:29:20,58,2025-02-25 00:57:34
516,91,10,0.1663,37,2024-08-26 13:16:25,,
517,91,5,0.2078,72,2025-07-18 19:31:00,12,
518,91,3,0.2553,2,2024-09-02 17:56:13,62,2025-04-20 11:21:14
519,92,3,0.2279,13,2025-02-10 14:51:14,,
520,92,7,0.2169,18,2025-06-07 10:18:03,,
521,92,14,0.2357,59,2024-02-13 07:30:23,,
522,92,12,0.1989,61,2025-02-23 04:07:11,6,2024-03-24 18:52:38
523,92,11,0.0137,10,2024-08-15 12:19:11,,2024-12-01 00:22:56
524,92,16,0.1069,18,2024-05-26 20:10:54,44,
525,93,1,0.4283,57,2024-03-04 03:26:20,26,
526,93,4,0.0505,63,2025-09-05 03:45:58,14,2025-02-04 02:16:58
527,93,2,0.5212,14,2025-04-25 06:09:50,,2024-05-02 08:56:50
528,94,8,0.2234,42,2024-11-17 18:21:31,,
529,94,11,0.0573,50,2025-05-07 19:33:15,17,2025-04-10 04:31:17
530,94,3,0.1715,65,2024-09-04 01:12:07,80,
531,94,15,0.1157,44,2024-05-06 06:24:42,,
532,94,7,0.1895,25,2025-07-17 14:47:53,32,2025-12-24 10:56:09
533,94,6,0.2426,78,2024-02-22 07:22:59,51,2025-09-23 18:17:27
534,95,14,0.2633,1,2025-12-04 01:55:32,,
535,95,12,0.0725,76,2025-06-23 05:46:30,,
536,95,2,0.2498,13,2024-12-13 05:09:05,28,2024-11-16 17:35:11
537,95,3,0.0923,58,2025-10-12 07:03:10,,2025-03-13 17:50:11
538,95,11,0.3221,37,2025-03-14 08:54:01,,
539,96,6,0.024,35,2025-07-25 17:03:55,,
540,96,7,0.1898,63,2024-01-29 04:19:09,51,2025-05-09 20:38:05
541,96,5,0.2592,73,2025-05-12 06:04:24,48,
542,96,14,0.1617,33,2025-09-04 03:43:42,42,
543,96,11,0.0545,2,2024-01-22 12:19:38,41,
544,96,1,0.3108,68,2025-10-29 15:00:12,,
545,97,4,0.0937,1,2024-09-06 13:12:14,64,2024-01-18 19:28:02
546,97,15,0.2252,25,2024-05-30 11:07:17,,
547,97,5,0.0724,4,2025-05-30 03:54:26,18,2025-10-03 06:08:25
548,97,11,0.0498,69,2024-02-20 07:42:31,67,
549,97,16,0.1739,77,2024-04-14 05:00:36,,2025-04-30 22:52:33
550,97,6,0.2663,21,2024-11-22 03:53:43,,2025-05-20 06:54:59
551,97,12,0.1187,22,2024-01-16 09:48:05,4,2024-07-09 20:52:29
552,98,14,0.0191,73,2024-10-14 18:47:43,,
553,98,13,0.1718,6,2024-09-04 10:17:57,1,2025-05-17 15:28:09
554,98,12,0.1772,52,2025-06-25 07:23:42,,2024-05-29 06:06:18
555,98,11,0.2263,34,2025-10-19 00:37:56,,
556,98,1,0.0643,13,2025-01-15 15:58:43,,
557,98,8,0.1612,78,2024-08-20 09:20:19,65,
558,98,9,0.1801,80,2024-02-18 05:56:26,,
559,99,8,0.2643,50,2024-04-18 16:42:06,,
560,99,12,0.0446,42,2025-12-05 05:46:05,52,
561,99,13,0.6911,72,2025-05-02 22:49:13,,2024-01-18 13:46:37
562,100,3,0.1663,38,2025-09-13 05:19:52,4,2024-07-23 22:18:58
563,100,9,0.1274,5,2025-02-16 20:20:03,45,2025-05-14 13:11:47
564,100,14,0.2304,20,2025-08-07 11:36:51,67,
565,100,12,0.1593,73,2025-12-22 23:13:10,46,2025-02-02 00:33:01
566,100,6,0.0123,32,2024-08-22 13:33:29,,2025-10-29 16:37:10
567,100,1,0.0822,60,2025-12-20 14:02:40,,2025-08-27 20:01:30
568,100,13,0.2221,54,2024-09-17 23:41:32,,2024-09-23 05:07:08
569,101,14,0.0285,33,2025-04-27 11:28:18,,2024-10-12 05:21:58
570,101,12,0.2949,42,2024-10-12 07:56:30,34,
571,101,6,0.3165,17,2025-02-21 16:25:46,,2025-12-15 15:29:37
572,101,2,0.3082,54,2025-08-15 06:21:29,7,2024-07-28 23:15:31
573,101,3,0.0519,41,2024-12-09 04:12:59,,
574,102,12,0.0939,72,2024-11-24 21:51:00,37,2024-12-04 15:30:07
575,102,13,0.144,58,2025-03-21 05:42:01,52,2024-11-04 13:19:48
576,102,10,0.0006,17,2024-09-06 07:48:43,56,
577,102,8,0.0718,68,2024-10-17 18:00:45,19,2025-01-17 00:29:42
578,102,4,0.3233,2,2025-03-15 01:34:15,,
579,102,11,0.2287,22,2025-11-07 12:01:18,,
580,102,15,0.1377,31,2025-10-14 10:15:55,57,2024-05-23 17:06:56
581,103,9,0.204,71,2024-03-14 01:37:39,,2025-12-18 22:42:17
582,103,5,0.0753,50,2025-05-12 09:36:53,,
583,103,14,0.005,41,2024-05-12 11:39:18,,
584,103,13,0.1732,54,2024-11-18 22:20:18,5,2025-03-28 20:02:26
585,103,3,0.0489,23,2025-02-04 16:08:49,,
586,103,16,0.27,53,2024-03-11 06:26:11,,2024-09-28 17:14:21
587,103,1,0.2236,6,2024-06-25 10:21:25,24,2025-12-04 01:38:48
588,104,12,0.5434,2,2024-01-27 23:39:23,39,2025-01-30 07:13:48
589,104,15,0.3185,71,2025-01-20 06:04:04,53,2025-08-05 05:08:24
590,104,1,0.1381,2,2025-02-06 16:13:08,,2024-10-16 19:34:22
591,105,7,0.2974,47,2024-07-06 18:56:54,,
592,105,10,0.2484,75,2024-12-16 07:39:18,,
593,105,1,0.2992,70,2025-11-04 06:42:06,,
594,105,14,0.082,4,2024-06-11 21:10:34,41,
595,105,4,0.073,16,2024-03-25 19:33:14,,2024-10-12 20:57:41
596,106,6,0.1505,68,2025-08-29 20:20:17,52,
597,106,15,0.0719,71,2025-02-08 01:32:16,80,
598,106,7,0.0677,66,2025-06-23 18:19:03,28,
599,106,3,0.1817,2,2025-06-19 18:33:39,75,
600,106,1,0.1942,1,2024-07-06 18:54:29,,
601,106,16,0.1602,32,2024-09-27 17:30:27,,2024-04-09 14:06:00
602,106,11,0.1738,1,2025-03-27 16:20:27,,2024-04-19 22:41:50
603,107,16,0.2088,1,2025-12-14 14:43:21,9,
604,107,6,0.126,43,2024-08-26 11:48:47,23,2025-12-20 09:18:35
605,107,7,0.1969,25,2024-03-25 18:00:58,,2024-05-13 06:18:14
606,107,13,0.2376,59,2024-05-12 20:35:24,,2024-02-16 09:16:12
607,107,15,0.2307,69,2025-07-26 02:47:32,,2024-01-18 11:19:57
608,108,8,0.0094,20,2024-07-02 06:17:14,,2025-04-24 09:47:01
609,108,10,0.2167,70,2025-08-17 03:12:26,39,
610,108,15,0.0252,51,2025-07-31 13:08:06,,2024-05-13 20:34:58
611,108,13,0.1714,68,2024-07-22 05:43:18,29,
612,108,5,0.1615,62,2024-09-11 14:18:11,57,2025-05-22 19:10:50
613,108,4,0.242,21,2025-03-28 19:55:36,49,2025-07-12 11:01:11
614,108,2,0.1738,20,2025-07-10 18:10:23,5,
615,109,6,0.1336,7,2024-05-13 22:17:28,8,
616,109,13,0.2013,25,2024-06-05 18:12:40,57,2025-10-15 05:32:31
617,109,9,0.2302,2,2024-05-17 01:05:59,,2025-08-08 06:25:04
618,109,1,0.0672,59,2025-09-21 20:23:43,60,
619,109,11,0.1236,10,2024-10-14 05:12:22,57,2024-03-23 20:50:15
620,109,10,0.055,8,2025-06-22 07:08:08,,
621,109,16,0.1891,70,2025-02-05 01:07:32,,2025-11-01 14:10:44
622,110,14,0.3178,9,2024-02-13 08:05:05,28,
623,110,16,0.2962,55,2025-08-04 21:03:35,24,2024-06-25 10:06:18
624,110,6,0.386,74,2024-05-20 16:24:34,3,
625,111,10,0.2032,22,2024-08-12 10:53:14,,
626,111,7,0.0921,22,2024-09-26 22:24:25,,
627,111,13,0.1132,27,2024-09-04 23:20:23,63,2024-06-19 13:44:37
628,111,14,0.1805,76,2025-10-11 21:07:33,44,
629,111,11,0.1831,60,2025-01-23 07:35:52,,
630,111,1,0.1017,49,2024-03-01 05:50:13,,
631,111,8,0.1262,51,2025-12-13 07:17:53,,
632,112,6,0.3801,22,2024-03-19 22:24:47,11,
633,112,8,0.239,15,2025-08-17 20:35:59,,
634,112,2,0.168,47,2024-10-24 15:32:49,21,
635,112,9,0.2129,35,2024-05-19 03:23:52,,
636,113,2,0.2269,9,2025-09-21 21:24:06,63,2025-01-25 01:10:55
637,113,13,0.0118,45,2025-06-27 06:44:23,,2025-06-09 19:30:30
638,113,10,0.1166,9,2024-12-27 08:30:24,,
639,113,9,0.3352,75,2024-07-28 16:59:55,78,2024-09-17 20:04:57
640,113,1,0.3095,72,2025-08-22 05:06:51,,2025-04-24 08:49:00
641,114,9,0.3321,8,2024-06-10 07:05:13,,
642,114,7,0.3385,58,2024-09-15 14:30:05,,
643,114,13,0.3294,1,2024-03-20 18:10:11,41,2025-01-03 08:47:25
644,115,7,0.2596,17,2025-12-08 03:06:08,80,
645,115,10,0.2889,59,2025-08-31 09:52:07,,2024-11-27 23:43:05
646,115,1,0.079,18,2024-08-07 19:23:16,40,
647,115,11,0.3128,80,2025-04-08 15:34:01,,
648,115,16,0.0597,22,2024-04-07 12:36:38,,2025-04-28 20:37:50
649,116,2,0.3295,77,2025-02-03 11:41:48,,2025-01-02 09:57:54
650,116,3,0.342,40,2025-09-30 04:03:59,74,2025-07-25 16:36:38
651,116,5,0.3231,20,2024-11-15 17:47:49,,2025-12-28 10:18:03
652,116,11,0.0054,72,2024-06-05 05:55:36,33,
653,117,8,0.373,53,2024-04-13 22:10:09,6,
654,117,11,0.2679,28,2025-01-20 02:40:07,39,
655,117,2,0.3074,43,2025-06-28 08:29:37,44,2025-05-18 06:57:34
656,117,10,0.0002,69,2024-02-12 11:52:14,,2024-03-01 11:20:36
657,117,16,0.0277,31,2024-04-29 12:07:53,,
658,117,14,0.0238,40,2024-06-08 15:26:10,52,
659,118,13,0.2539,75,2024-03-18 09:18:54,,2025-06-20 17:03:54
660,118,8,0.2418,22,2024-12-26 22:06:44,26,
661,118,3,0.2739,50,2024-07-18 04:18:04,49,
662,118,10,0.2304,26,2025-05-07 09:39:22,50,2024-12-16 20:18:00
663,119,9,0.268,72,2025-12-02 04:57:36,3,
664,119,15,0.1111,75,2024-01-26 20:42:06,33,
665,119,3,0.0268,70,2024-04-10 17:59:36,,
666,119,7,0.0118,63,2025-02-11 12:26:11,6,
667,119,2,0.281,35,2025-07-31 13:53:59,,
668,119,11,0.089,79,2024-02-27 16:26:31,43,
669,119,13,0.074,42,2024-02-04 13:00:46,24,
670,119,10,0.1383,45,2024-10-22 10:02:08,29,
671,120,5,0.0811,78,2024-01-03 05:39:34,45,
672,120,12,0.3119,12,2025-08-29 18:09:45,26,2025-01-22 15:56:51
673,120,15,0.2947,7,2025-05-05 08:41:43,,
674,120,1,0.2492,79,2025-10-24 16:03:29,,2025-08-29 13:33:58
675,120,9,0.0631,19,2025-01-11 09:30:55,14,
